date,price,volume,trades
2022-06-29 21:21:12,19984.83,17.6806,513
2022-06-29 21:22:14,19964.37,29.4352,578
2022-06-29 21:23:16,19977.0,19.3632,546
2022-06-29 21:24:18,19977.73,28.1977,501
2022-06-29 21:25:20,19983.07,23.5313,658
2022-06-29 21:26:24,19988.73,21.1844,521
2022-06-29 21:27:25,19990.36,35.4005,698
2022-06-29 21:28:28,20002.91,101.2697,1048
2022-06-29 21:29:32,20008.66,21.3761,443
2022-06-29 21:30:35,20019.46,25.529,637
2022-06-29 21:31:36,20004.73,52.1744,1019
2022-06-29 21:32:38,19986.67,113.8192,1522
2022-06-29 21:33:41,19985.91,35.1742,646
2022-06-29 21:34:44,19974.35,33.0118,657
2022-06-29 21:35:47,19992.42,114.7654,1583
2022-06-29 21:36:49,20005.69,61.1592,983
2022-06-29 21:37:50,20026.98,35.1394,874
2022-06-29 21:38:52,20031.16,98.3001,1048
2022-06-29 21:39:54,20047.76,58.5282,743
2022-06-29 21:40:56,20043.69,53.5344,747
2022-06-29 21:41:57,20048.75,48.526,824
2022-06-29 21:42:59,20047.52,37.8094,649
2022-06-29 21:44:01,20037.05,17.4136,392
2022-06-29 21:45:04,20052.73,18.9086,401
2022-06-29 21:46:05,20052.97,37.867,648
2022-06-29 21:47:07,20054.86,82.714,1041
2022-06-29 21:48:09,20065.34,55.2234,796
2022-06-29 21:49:11,20064.66,41.9039,813
2022-06-29 21:50:13,20061.14,33.9955,676
2022-06-29 21:51:15,20062.6,35.1496,604
2022-06-29 21:52:17,20065.04,39.0253,591
2022-06-29 21:53:20,20060.28,23.5806,512
2022-06-29 21:54:23,20052.47,40.2428,679
2022-06-29 21:55:25,20026.33,63.2174,623
2022-06-29 21:56:26,20030.67,36.488,514
2022-06-29 21:57:30,20026.87,42.0679,553
2022-06-29 21:58:32,20021.46,42.505,814
2022-06-29 21:59:37,20021.16,34.7312,672
2022-06-29 22:00:38,20023.99,70.37,786
2022-06-29 22:01:40,20015.03,44.7239,702
2022-06-29 22:02:43,20025.85,67.3414,853
2022-06-29 22:03:47,20039.49,24.0353,570
2022-06-29 22:04:48,20040.34,68.7613,700
2022-06-29 22:05:51,20045.7,14.7505,370
2022-06-29 22:06:55,20044.96,12.4244,351
2022-06-29 22:07:57,20051.22,23.5895,478
2022-06-29 22:08:59,20056.5,15.952,453
2022-06-29 22:10:03,20057.94,75.81,731
2022-06-29 22:11:04,20055.21,9.4318,329
2022-06-29 22:12:08,20063.32,15.1781,359
2022-06-29 22:13:10,20055.8,22.3564,481
2022-06-29 22:14:11,20051.75,121.5163,1241
2022-06-29 22:15:13,20050.29,57.157,713
2022-06-29 22:16:15,20058.26,26.3613,444
2022-06-29 22:17:17,20072.5,81.2055,994
2022-06-29 22:18:19,20069.62,69.2587,1056
2022-06-29 22:19:21,20072.86,24.4649,667
2022-06-29 22:20:22,20079.98,58.3077,839
2022-06-29 22:21:24,20071.33,191.37,1639
2022-06-29 22:22:26,20068.37,86.7141,743
2022-06-29 22:23:29,20066.4,73.1925,871
2022-06-29 22:24:31,20066.56,39.7644,565
2022-06-29 22:25:35,20069.21,28.617,533
2022-06-29 22:26:37,20073.9,85.954,753
2022-06-29 22:27:39,20071.91,32.9822,578
2022-06-29 22:28:43,20082.64,37.9347,730
2022-06-29 22:29:46,20073.6,19.7014,657
2022-06-29 22:30:48,20089.53,15.7548,616
2022-06-29 22:31:51,20090.38,27.185,629
2022-06-29 22:32:53,20086.22,24.8795,805
2022-06-29 22:33:54,20088.77,21.9078,882
2022-06-29 22:34:56,20085.22,38.1803,966
2022-06-29 22:35:59,20088.47,22.7059,779
2022-06-29 22:37:03,20092.17,25.1646,804
2022-06-29 22:38:06,20095.78,15.74,551
2022-06-29 22:39:09,20100.46,44.3045,854
2022-06-29 22:40:12,20107.47,24.0841,549
2022-06-29 22:41:13,20110.49,29.1872,576
2022-06-29 22:42:16,20107.26,20.1481,864
2022-06-29 22:43:19,20100.31,51.4094,1104
2022-06-29 22:44:20,20094.86,18.236,770
2022-06-29 22:45:23,20097.89,30.8997,846
2022-06-29 22:46:27,20086.05,17.2056,466
2022-06-29 22:47:29,20078.32,13.5824,330
2022-06-29 22:48:31,20081.08,25.6451,492
2022-06-29 22:49:33,20081.6,30.9063,548
2022-06-29 22:50:36,20079.55,19.7438,377
2022-06-29 22:51:38,20072.26,24.333,462
2022-06-29 22:52:40,20076.64,24.0778,561
2022-06-29 22:53:46,20078.55,28.7543,584
2022-06-29 22:54:49,20070.16,28.8907,699
2022-06-29 22:55:50,20076.92,35.0497,585
2022-06-29 22:56:52,20091.95,10.1999,340
2022-06-29 22:57:54,20095.62,25.6742,579
2022-06-29 22:58:56,20093.33,23.0246,366
2022-06-29 22:59:58,20083.42,10.1305,297
2022-06-29 23:01:00,20093.53,25.5038,507
2022-06-29 23:02:02,20092.89,17.3121,332
2022-06-29 23:03:04,20095.42,10.2876,248
2022-06-29 23:04:06,20082.39,38.0797,636
2022-06-29 23:05:07,20075.76,23.1954,489
2022-06-29 23:06:09,20068.24,33.0491,561
2022-06-29 23:07:11,20053.69,16.3463,390
2022-06-29 23:08:13,20059.0,10.049,325
2022-06-29 23:09:17,20064.59,31.4359,608
2022-06-29 23:10:20,20063.54,22.7288,461
2022-06-29 23:11:22,20071.4,18.5219,338
2022-06-29 23:12:24,20073.85,31.7306,592
2022-06-29 23:13:26,20071.28,20.4259,481
2022-06-29 23:14:31,20075.99,21.049,510
2022-06-29 23:15:33,20075.78,13.0641,398
2022-06-29 23:16:35,20065.56,7.222,332
2022-06-29 23:17:37,20080.28,18.9094,534
2022-06-29 23:18:38,20081.99,15.2173,581
2022-06-29 23:19:40,20087.47,16.9024,520
2022-06-29 23:20:42,20087.16,26.4238,752
2022-06-29 23:21:45,20082.58,21.2834,471
2022-06-29 23:22:46,20056.55,23.7372,611
2022-06-29 23:23:48,20070.4,45.1944,611
2022-06-29 23:24:51,20067.97,18.8819,487
2022-06-29 23:25:53,20064.83,44.0773,745
2022-06-29 23:26:55,20072.21,30.4184,707
2022-06-29 23:27:58,20072.25,22.4844,423
2022-06-29 23:29:00,20082.05,18.7672,459
2022-06-29 23:30:02,20089.18,14.2887,427
2022-06-29 23:31:04,20089.91,28.5982,576
2022-06-29 23:32:06,20093.37,25.9857,497
2022-06-29 23:33:09,20082.22,18.5102,520
2022-06-29 23:34:11,20082.1,20.5785,451
2022-06-29 23:35:14,20060.59,30.1686,620
2022-06-29 23:36:15,20059.38,27.3948,703
2022-06-29 23:37:17,20061.44,41.0756,474
2022-06-29 23:38:19,20059.04,44.5583,587
2022-06-29 23:39:21,20058.56,26.6631,558
2022-06-29 23:40:23,20054.39,11.079,353
2022-06-29 23:41:25,20052.38,23.9555,528
2022-06-29 23:42:26,20064.16,25.0164,459
2022-06-29 23:43:28,20070.53,37.5521,749
2022-06-29 23:44:32,20075.78,21.1361,473
2022-06-29 23:45:34,20070.76,41.6795,823
2022-06-29 23:46:36,20068.65,42.1184,843
2022-06-29 23:47:38,20073.73,19.8362,452
2022-06-29 23:48:40,20072.36,33.7456,630
2022-06-29 23:49:45,20051.66,22.2165,559
2022-06-29 23:50:46,20056.24,28.5328,508
2022-06-29 23:51:48,20062.82,22.2257,553
2022-06-29 23:52:50,20063.08,30.5935,494
2022-06-29 23:53:53,20071.83,19.852,437
2022-06-29 23:54:57,20071.39,14.4002,399
2022-06-29 23:55:59,20079.73,17.1947,572
2022-06-29 23:57:01,20081.83,10.3004,329
2022-06-29 23:58:03,20080.29,15.2713,422
2022-06-29 23:59:06,20077.53,21.2297,495
2022-06-30 00:00:08,20075.71,15.0398,537
2022-06-30 11:05:10,19118.31,81.8341,1443
2022-06-30 11:07:40,19159.1,60.1957,1335
2022-06-30 11:08:43,19145.3,67.8385,1293
2022-06-30 11:09:45,19159.18,127.1674,2127
2022-06-30 11:10:49,19160.93,48.3166,871
2022-06-30 11:11:52,19141.79,62.0842,1083
2022-06-30 11:12:55,19136.45,37.3301,691
2022-06-30 11:13:59,19149.42,160.4545,1852
2022-06-30 11:15:00,19158.73,98.7638,1425
2022-06-30 11:16:03,19167.53,44.1308,862
2022-06-30 11:17:04,19137.7,57.0766,952
2022-06-30 11:18:07,19155.12,368.8066,4487
2022-06-30 11:19:09,19146.78,221.8555,2208
2022-06-30 11:20:11,19134.78,89.5633,1509
2022-06-30 11:21:12,19134.17,99.1189,1490
2022-06-30 11:22:14,19133.85,74.4636,1301
2022-06-30 11:23:16,19152.12,74.5988,1071
2022-06-30 11:24:20,19179.46,66.5468,871
2022-06-30 11:25:22,19197.08,121.0923,1720
2022-06-30 11:26:24,19202.99,86.2768,1391
2022-06-30 11:27:27,19246.05,46.4525,779
2022-06-30 11:28:31,19243.29,66.8822,793
2022-06-30 11:29:33,19231.53,78.51100000000002,1202
2022-06-30 11:30:37,19208.8,63.8506,942
2022-06-30 11:31:40,19210.68,51.8262,1044
2022-06-30 11:32:42,19172.57,71.9746,970
2022-06-30 11:33:45,19170.13,108.9287,1480
2022-06-30 11:34:46,19170.76,97.1,1132
2022-06-30 11:35:48,19168.01,43.7157,782
2022-06-30 11:36:50,19169.1,65.1133,991
2022-06-30 11:37:52,19171.1,53.1816,908
2022-06-30 11:38:54,19180.17,246.3945,2523
2022-06-30 11:39:55,19185.78,74.9702,1061
2022-06-30 11:40:59,19173.07,90.9142,1110
2022-06-30 11:42:00,19167.81,102.1318,1567
2022-06-30 11:43:02,19178.21,58.9859,1157
2022-06-30 11:44:05,19183.49,29.3676,609
2022-06-30 11:45:07,19184.59,29.0837,637
2022-06-30 11:46:10,19180.44,52.8559,1134
2022-06-30 11:47:13,19189.2,60.1209,1251
2022-06-30 11:48:15,19221.72,52.8507,1101
2022-06-30 11:49:17,19194.38,66.9648,1302
2022-06-30 11:50:19,19178.21,59.8398,904
2022-06-30 11:51:21,19152.11,29.4113,746
2022-06-30 11:52:24,19149.8,35.3961,655
2022-06-30 11:53:27,19154.9,99.5947,1095
2022-06-30 11:54:28,19143.81,28.1227,667
2022-06-30 11:55:31,19123.33,33.0839,831
2022-06-30 11:56:32,19112.49,45.0956,967
2022-06-30 11:57:35,19116.4,19.3198,601
2022-06-30 11:58:38,19123.63,30.2996,758
2022-06-30 11:59:40,19134.74,37.6658,754
2022-06-30 12:00:44,19137.04,65.4418,817
2022-06-30 12:01:47,19147.94,30.6396,627
2022-06-30 12:02:49,19145.1,37.5694,602
2022-06-30 12:03:51,19134.88,24.6207,491
2022-06-30 12:04:53,19157.82,51.1789,813
2022-06-30 12:05:55,19148.52,60.269,897
2022-06-30 12:06:58,19106.22,29.8242,579
2022-06-30 12:08:01,19102.76,58.2234,1029
2022-06-30 12:09:02,19108.45,52.5231,839
2022-06-30 12:10:06,19103.61,40.6405,681
2022-06-30 12:11:08,19082.84,64.5225,868
2022-06-30 12:12:13,19086.02,44.0842,677
2022-06-30 12:13:15,19101.32,33.192,681
2022-06-30 12:14:18,19100.38,38.745,626
2022-06-30 12:15:20,19109.77,47.1237,762
2022-06-30 12:16:23,19117.1,31.016,580
2022-06-30 12:17:24,19099.49,38.8004,809
2022-06-30 12:18:26,19106.0,39.683,594
2022-06-30 12:19:28,19115.81,87.8966,1053
2022-06-30 12:20:30,19116.78,47.03,792
2022-06-30 12:21:32,19138.99,36.9399,675
2022-06-30 12:22:35,19160.84,118.0486,1622
2022-06-30 12:23:37,19154.62,75.4904,749
2022-06-30 12:24:39,19161.17,56.8137,703
2022-06-30 12:25:41,19185.9,37.9389,532
2022-06-30 12:26:43,19202.25,50.8709,720
2022-06-30 12:27:46,19205.53,44.5544,664
2022-06-30 12:28:47,19184.46,75.4916,1184
2022-06-30 12:29:49,19189.9,65.3118,1019
2022-06-30 12:30:52,19206.37,31.7752,627
2022-06-30 12:31:54,19249.83,26.4248,445
2022-06-30 12:32:56,19266.69,69.2792,773
2022-06-30 12:33:57,19230.36,77.8729,784
2022-06-30 12:35:01,19222.17,56.4139,1083
2022-06-30 12:36:05,19216.67,30.593000000000004,588
2022-06-30 12:37:07,19194.72,28.2349,573
2022-06-30 12:38:09,19189.5,32.726,592
2022-06-30 12:39:11,19182.8,20.7014,516
2022-06-30 12:40:13,19167.25,24.9841,513
2022-06-30 12:41:16,19152.87,39.8618,656
2022-06-30 12:42:19,19146.51,27.1931,597
2022-06-30 12:43:22,19150.03,397.6809,4074
2022-06-30 12:44:25,19163.06,355.1121,3855
2022-06-30 12:45:26,19159.38,143.7167,1706
2022-06-30 12:46:29,19161.73,49.7371,938
2022-06-30 12:47:31,19174.33,64.1472,1178
2022-06-30 12:48:33,19185.01,47.7495,941
2022-06-30 12:49:35,19166.33,71.5136,1169
2022-06-30 12:50:38,19149.5,100.4807,1100
2022-06-30 12:51:39,19135.27,64.2947,1016
2022-06-30 12:52:41,19134.01,41.5526,711
2022-06-30 12:53:44,19143.69,47.2892,826
2022-06-30 12:54:46,19143.65,45.8931,759
2022-06-30 12:55:48,19144.25,44.7791,691
2022-06-30 12:56:49,19137.65,83.7569,1062
2022-06-30 12:57:55,19138.88,100.041,1150
2022-06-30 12:58:59,19133.06,36.227,790
2022-06-30 13:00:03,19138.17,138.9439,872
2022-06-30 13:01:04,19143.26,49.569,844
2022-06-30 13:02:08,19144.54,38.1494,730
2022-06-30 13:03:10,19139.81,39.855,647
2022-06-30 13:04:11,19122.6,35.1041,711
2022-06-30 13:05:13,19131.81,40.2277,707
2022-06-30 13:06:17,19105.01,126.4347,1073
2022-06-30 13:07:19,19106.06,48.292,803
2022-06-30 13:08:21,19105.78,28.9961,524
2022-06-30 13:09:24,19103.24,22.9886,494
2022-06-30 13:10:25,19093.25,36.1524,873
2022-06-30 13:11:28,19097.8,86.9185,1628
2022-06-30 13:12:32,19100.24,67.1894,1008
2022-06-30 13:13:33,19094.0,22.3621,470
2022-06-30 13:14:36,19086.59,57.4974,872
2022-06-30 13:15:38,19091.56,87.1577,1188
2022-06-30 13:16:42,19093.65,53.3007,873
2022-06-30 13:17:44,19098.34,68.6993,981
2022-06-30 13:18:47,19102.6,471.6103,5558
2022-06-30 13:19:49,19095.25,155.7684,1798
2022-06-30 13:20:52,19091.45,66.077,1108
2022-06-30 13:21:55,19115.28,67.9394,1127
2022-06-30 13:22:57,19086.49,52.0685,955
2022-06-30 13:23:58,19092.52,127.3973,1353
2022-06-30 13:25:02,19089.44,61.8681,817
2022-06-30 13:26:03,19098.6,462.8625,5471
2022-06-30 13:27:06,19098.83,374.3122,5065
2022-06-30 13:28:08,19100.85,250.3498,3143
2022-06-30 13:29:10,19094.86,130.0317,2097
2022-06-30 13:30:12,19099.42,164.6594,2276
2022-06-30 13:31:14,19107.9,179.6965,2414
2022-06-30 13:32:17,19135.33,367.4623,5555
2022-06-30 13:33:19,19148.94,146.3492,1866
2022-06-30 13:34:21,19144.72,146.9709,2102
2022-06-30 13:35:23,19156.13,80.5559,1538
2022-06-30 13:36:27,19172.44,118.1917,1428
2022-06-30 13:37:30,19188.25,211.2654,2470
2022-06-30 13:38:32,19193.07,121.6841,1637
2022-06-30 13:39:35,19184.86,59.5266,920
2022-06-30 13:40:40,19207.83,79.2657,1191
2022-06-30 13:41:41,19200.97,72.9371,1150
2022-06-30 13:42:44,19168.6,69.1067,1115
2022-06-30 13:43:47,19144.21,55.0922,946
2022-06-30 13:44:49,19136.17,425.0182,5722
2022-06-30 13:45:52,19129.44,169.2095,2488
2022-06-30 13:46:55,19131.81,131.2688,1814
2022-06-30 13:47:56,19141.79,81.8763,1197
2022-06-30 13:48:58,19156.85,156.8935,2466
2022-06-30 13:50:01,19148.83,203.8454,3313
2022-06-30 13:51:04,19146.94,71.033,1151
2022-06-30 13:52:07,19146.97,70.111,1067
2022-06-30 13:53:09,19152.82,99.8733,1586
2022-06-30 13:54:11,19163.04,108.991,1534
2022-06-30 13:55:13,19150.4,74.1855,1107
2022-06-30 13:56:17,19129.95,45.7527,986
2022-06-30 13:57:21,19135.88,242.5414,2169
2022-06-30 13:58:23,19133.87,69.1294,1065
2022-06-30 13:59:25,19128.51,66.2097,1045
2022-06-30 14:00:27,19111.03,122.5935,1463
2022-06-30 14:01:30,19116.24,60.8419,1103
2022-06-30 14:02:32,19106.43,59.0132,756
2022-06-30 14:03:34,19103.8,73.0939,1046
2022-06-30 14:04:36,19111.19,37.1098,873
2022-06-30 14:05:38,19113.96,61.4151,964
2022-06-30 14:06:40,19120.99,205.9308,2604
2022-06-30 14:07:42,19113.29,183.5841,2359
2022-06-30 14:08:43,19107.85,111.5815,1761
2022-06-30 14:09:45,19099.9,62.2864,1123
2022-06-30 14:10:49,19096.38,56.4606,1011
2022-06-30 14:11:51,19110.94,78.7226,1240
2022-06-30 14:12:53,19106.0,182.1407,2339
2022-06-30 14:13:55,19090.53,93.4591,1613
2022-06-30 14:14:58,19084.84,91.9316,1838
2022-06-30 14:16:00,19088.24,116.1478,1655
2022-06-30 14:17:01,19084.95,152.1166,1869
2022-06-30 14:18:03,19084.71,106.1466,1853
2022-06-30 14:19:07,19081.45,92.7648,1591
2022-06-30 14:20:09,19084.01,89.4027,1687
2022-06-30 14:21:10,19086.97,92.0192,2000
2022-06-30 14:22:12,19082.6,68.62,1542
2022-06-30 14:23:15,19089.01,21.7599,701
2022-06-30 14:24:17,19089.8,44.8053,978
2022-06-30 14:25:19,19067.85,43.7404,858
2022-06-30 14:26:20,19043.53,56.8367,921
2022-06-30 14:27:22,19070.49,33.5288,754
2022-06-30 14:28:24,19073.56,32.7102,730
2022-06-30 14:29:27,19066.54,39.9489,867
2022-06-30 14:30:28,19058.01,57.8884,1127
2022-06-30 14:31:30,19064.24,52.9402,1002
2022-06-30 14:32:32,19060.46,39.1608,850
2022-06-30 14:33:34,19022.28,32.8651,744
2022-06-30 14:34:37,19030.37,46.8262,1039
2022-06-30 14:35:38,19031.52,40.9888,990
2022-06-30 14:36:41,19039.43,46.3146,975
2022-06-30 14:37:46,19049.1,56.2966,1057
2022-06-30 14:38:47,19052.26,79.9414,1168
2022-06-30 14:39:49,19064.78,52.1454,1086
2022-06-30 14:40:52,19058.86,31.399,743
2022-06-30 14:41:55,19045.83,33.2444,784
2022-06-30 14:42:58,19040.08,37.3237,658
2022-06-30 14:44:02,18992.8,155.4746,2082
2022-06-30 14:45:04,18984.67,41.6794,821
2022-06-30 14:46:06,19006.48,36.1688,823
2022-06-30 14:47:09,19015.99,50.1555,1007
2022-06-30 14:48:14,19014.19,56.0355,826
2022-06-30 14:49:17,19014.27,160.8638,1212
2022-06-30 14:50:21,19003.22,22.9906,602
2022-06-30 14:51:24,19007.72,26.8646,597
2022-06-30 14:52:29,18990.85,145.9493,1231
2022-06-30 14:53:34,18973.38,247.5009,1663
2022-06-30 14:54:37,18981.23,40.5746,818
2022-06-30 14:55:39,18984.05,29.1239,680
2022-06-30 14:56:43,18988.7,38.2147,789
2022-06-30 14:57:47,18980.74,36.3062,779
2022-06-30 14:58:53,18972.8,16.348,533
2022-06-30 14:59:56,18973.53,18.6999,503
2022-06-30 15:00:58,18970.19,42.713,972
2022-06-30 15:02:05,18986.92,37.012,713
2022-06-30 15:03:10,18977.09,32.7611,615
2022-06-30 15:04:12,18965.88,47.8106,977
2022-06-30 15:05:14,18975.19,66.0027,1023
2022-06-30 15:06:19,18964.59,32.8069,653
2022-06-30 15:07:21,18951.13,103.2387,1628
2022-06-30 15:08:25,18957.72,86.5891,1320
2022-06-30 15:09:29,18948.96,32.8022,770
2022-06-30 15:10:32,18950.2,145.9589,2064
2022-06-30 15:11:34,18950.9,80.3427,1187
2022-06-30 15:12:35,18943.72,64.5551,1018
2022-06-30 15:13:37,18944.07,75.2184,1120
2022-06-30 15:14:40,18952.95,42.5185,949
2022-06-30 15:15:42,18942.15,31.2551,741
2022-06-30 15:16:45,18929.44,178.2851,2083
2022-06-30 15:17:48,18921.59,121.7145,1672
2022-06-30 15:18:50,18904.66,73.9919,1135
2022-06-30 15:19:52,18910.15,76.0894,1285
2022-06-30 15:20:54,18935.26,63.9011,1232
2022-06-30 15:21:55,18948.22,37.7906,940
2022-06-30 15:22:57,18996.97,37.5853,783
2022-06-30 15:23:59,18982.18,48.0134,700
2022-06-30 15:25:03,19002.0,62.1747,998
2022-06-30 15:26:05,18995.11,49.0687,776
2022-06-30 15:27:07,18974.95,34.0515,734
2022-06-30 15:28:11,18983.17,17.5103,537
2022-06-30 15:29:13,18979.14,72.1391,1238
2022-06-30 15:30:15,18980.88,29.7203,752
2022-06-30 15:31:17,18981.78,51.6752,752
2022-06-30 15:32:21,18991.08,78.0387,929
2022-06-30 15:33:27,19009.69,134.4622,1295
2022-06-30 15:34:29,19004.4,24.4754,706
2022-06-30 15:35:31,18995.22,25.6647,605
2022-06-30 15:36:33,18995.24,32.4978,743
2022-06-30 15:37:37,19003.21,48.7378,852
2022-06-30 15:38:39,19024.98,61.5661,1015
2022-06-30 15:39:41,19002.51,48.19600000000001,755
2022-06-30 15:40:44,18991.92,32.7822,701
2022-06-30 15:41:47,18968.44,48.9219,912
2022-06-30 15:42:50,18925.01,35.5251,712
2022-06-30 15:43:51,18924.33,48.6614,1052
2022-06-30 15:44:56,18896.17,34.6082,871
2022-06-30 15:45:58,18916.14,37.1024,830
2022-06-30 15:46:59,18951.85,27.1781,657
2022-06-30 15:48:01,18959.05,46.5251,817
2022-06-30 15:49:05,18944.77,43.2732,899
2022-06-30 15:50:07,18937.65,115.5129,1593
2022-06-30 15:51:09,18941.57,39.7276,931
2022-06-30 15:52:12,18922.74,81.6614,1266
2022-06-30 15:53:15,18896.15,121.6289,1495
2022-06-30 15:54:18,18871.57,286.9314,2276
2022-06-30 15:55:20,18883.4,67.1279,1389
2022-06-30 15:56:23,18892.01,95.6535,1607
2022-06-30 15:57:27,18924.72,57.4563,971
2022-06-30 15:58:29,18927.61,87.0375,1099
2022-06-30 15:59:32,18913.81,37.4821,882
2022-06-30 16:00:34,18918.97,53.6798,1063
2022-06-30 16:01:35,18944.8,68.8394,1198
2022-06-30 16:02:38,18921.74,70.2563,1178
2022-06-30 16:03:42,18899.06,43.1687,755
2022-06-30 16:04:44,18905.71,71.4963,1030
2022-06-30 16:05:50,18927.88,46.4523,764
2022-06-30 16:06:52,18897.8,47.4348,797
2022-06-30 16:07:54,18908.39,45.4295,1021
2022-06-30 16:08:56,18909.19,28.8738,684
2022-06-30 16:09:59,18947.21,43.1884,790
2022-06-30 16:11:01,18954.03,31.7024,661
2022-06-30 16:12:03,18968.49,25.5088,501
2022-06-30 16:13:06,18986.27,31.0929,599
2022-06-30 16:14:07,18998.0,73.858,1244
2022-06-30 16:15:11,19007.12,23.7463,605
2022-06-30 16:16:15,19003.49,156.8073,1724
2022-06-30 16:17:17,19038.17,37.7915,844
2022-06-30 16:18:20,19009.23,47.5331,910
2022-06-30 16:19:22,18997.76,55.2339,1164
2022-06-30 16:20:25,19013.9,101.796,1378
2022-06-30 16:21:27,19024.99,51.1207,798
2022-06-30 16:22:30,19027.24,53.7916,915
2022-06-30 16:23:32,19025.99,30.6319,681
2022-06-30 16:24:35,19040.39,36.0899,629
2022-06-30 16:25:37,19045.01,46.9046,961
2022-06-30 16:26:40,19032.19,28.4378,739
2022-06-30 16:27:42,19034.07,45.1474,838
2022-06-30 16:28:46,19040.91,44.3198,784
2022-06-30 16:29:50,19030.17,57.9128,767
2022-06-30 16:30:52,19028.04,36.9216,623
2022-06-30 16:31:55,19022.47,21.9561,384
2022-06-30 16:32:57,19023.48,38.6131,669
2022-06-30 16:33:59,19030.09,27.1245,537
2022-06-30 16:35:01,19031.38,39.9733,911
2022-06-30 16:36:05,19021.01,41.0573,781
2022-06-30 16:37:06,18984.68,30.5162,589
2022-06-30 16:38:08,18963.12,22.6099,533
2022-06-30 16:39:10,18932.52,35.2166,716
2022-06-30 16:40:12,18913.14,37.2734,880
2022-06-30 16:41:16,18907.98,41.9901,753
2022-06-30 16:42:17,18864.48,31.4567,689
2022-06-30 16:43:21,18840.58,40.7389,750
2022-06-30 16:44:26,18840.5,80.7808,1002
2022-06-30 16:45:27,18845.6,48.0157,890
2022-06-30 16:46:30,18842.71,69.8936,930
2022-06-30 16:47:32,18847.53,25.3394,615
2022-06-30 16:48:36,18827.78,38.8475,806
2022-06-30 16:49:37,18771.45,404.0226,4469
2022-06-30 16:50:39,18696.22,337.0485,3955
2022-06-30 16:51:42,18706.13,246.3518,2768
2022-06-30 16:52:44,18696.55,158.6349,2392
2022-06-30 16:53:46,18695.97,132.1352,1706
2022-06-30 16:54:48,18697.5,58.6103,1019
2022-06-30 16:55:50,18723.75,66.8005,993
2022-06-30 16:56:53,18732.39,100.8682,1524
2022-06-30 16:57:57,18740.24,67.6284,1221
2022-06-30 16:58:59,18753.08,91.26,1364
2022-06-30 17:00:01,18754.77,75.9906,1296
2022-06-30 17:01:04,18764.28,68.3781,1233
2022-06-30 17:02:06,18742.61,55.3271,1079
2022-06-30 17:03:08,18742.83,30.0587,818
2022-06-30 17:04:11,18774.69,140.3043,1969
2022-06-30 17:05:13,18807.46,157.5865,2628
2022-06-30 17:06:17,18831.31,87.7432,1426
2022-06-30 17:07:19,18867.45,67.8872,1252
2022-06-30 17:08:21,18846.13,64.1265,1196
2022-06-30 17:09:23,18828.53,99.6499,1564
2022-06-30 17:10:24,18814.47,60.75100000000001,972
2022-06-30 17:11:27,18874.6,43.8228,838
2022-06-30 17:12:29,18892.71,57.8213,1017
2022-06-30 17:13:32,18908.93,56.3683,1017
2022-06-30 17:14:33,18905.86,36.8509,837
2022-06-30 17:15:37,18914.24,31.264,988
2022-06-30 17:16:40,18927.72,187.6457,2067
2022-06-30 17:17:41,18933.72,40.3367,820
2022-06-30 17:18:44,18921.2,51.5225,760
2022-06-30 17:19:46,18897.71,43.1764,839
2022-06-30 17:20:47,18897.46,59.527,971
2022-06-30 17:21:50,18907.24,30.7515,713
2022-06-30 17:22:53,18893.79,39.2921,774
2022-06-30 17:23:55,18886.14,74.8221,1023
2022-06-30 17:24:56,18893.66,98.6794,1372
2022-06-30 17:25:58,18894.78,200.1913,1599
2022-06-30 17:27:01,18897.88,34.1633,565
2022-06-30 17:28:03,18906.47,28.4114,666
2022-06-30 17:29:05,18882.31,79.4217,1153
2022-06-30 17:30:07,18866.29,32.4939,712
2022-06-30 17:31:11,18871.99,58.0087,970
2022-06-30 17:32:14,18892.97,145.108,1339
2022-06-30 17:33:16,18940.9,37.2633,718
2022-06-30 17:34:18,18924.96,58.0435,1018
2022-06-30 17:35:21,18922.01,27.2644,658
2022-06-30 17:36:22,18917.57,58.8812,1037
2022-06-30 17:37:24,18944.6,62.8313,718
2022-06-30 17:38:28,18943.53,19.3471,492
2022-06-30 17:39:31,18939.46,59.6303,737
2022-06-30 17:40:34,18932.43,73.6776,1069
2022-06-30 17:41:36,18926.4,40.5271,617
2022-06-30 17:42:40,18915.13,50.8311,1018
2022-06-30 17:43:42,18899.68,36.7665,699
2022-06-30 17:44:43,18875.38,69.3598,869
2022-06-30 17:45:45,18875.0,39.567,666
2022-06-30 17:46:49,18891.27,40.9724,929
2022-06-30 17:47:52,18905.2,43.0119,760
2022-06-30 17:48:53,18891.54,34.823,785
2022-06-30 17:49:55,18887.06,96.1833,1488
2022-06-30 17:51:00,18878.12,140.2138,2362
2022-06-30 17:52:01,18872.87,137.4107,1759
2022-06-30 17:53:04,18881.43,78.2702,1498
2022-06-30 17:54:07,18875.32,148.5727,2037
2022-06-30 17:55:08,18872.78,136.0189,2046
2022-06-30 17:56:10,18872.29,84.8115,1316
2022-06-30 17:57:13,18851.56,115.1139,1720
2022-06-30 17:58:16,18836.92,51.2117,1071
2022-06-30 17:59:17,18811.94,65.9397,1199
2022-06-30 18:00:23,18822.46,133.8567,2098
2022-06-30 18:01:25,18834.39,437.9033,5239
2022-06-30 18:02:28,18831.28,152.1957,2220
2022-06-30 18:03:29,18815.07,1142.3785,13216
2022-06-30 18:04:34,18822.77,376.4824,4682
2022-06-30 18:05:37,18821.59,272.2485,3442
2022-06-30 18:06:39,18802.1,247.6853,3554
2022-06-30 18:07:41,18772.28,275.5637,3022
2022-06-30 18:08:43,18767.05,126.0704,2105
2022-06-30 18:09:45,18755.46,140.9178,2168
2022-06-30 18:10:46,18753.11,203.443,2398
2022-06-30 18:11:48,18771.07,161.6543,2053
2022-06-30 18:12:51,18779.05,93.134,1484
2022-06-30 18:13:54,18785.88,60.0635,1048
2022-06-30 18:14:57,18776.62,88.992,1389
2022-06-30 18:16:00,18773.4,113.3586,1686
2022-06-30 18:17:01,18810.51,94.2509,1221
2022-06-30 18:18:03,18815.31,57.7326,1004
2022-06-30 18:19:05,18799.9,86.2027,1356
2022-06-30 18:20:07,18805.9,93.9014,1296
2022-06-30 18:21:10,18818.51,120.8709,1372
2022-06-30 18:22:12,18834.05,82.2619,1186
2022-06-30 18:23:14,18855.62,93.2793,1483
2022-06-30 18:24:16,18876.47,82.9968,1427
2022-06-30 18:25:19,18876.77,105.0145,1315
2022-06-30 18:26:21,18875.67,35.8413,765
2022-06-30 18:27:22,18882.8,74.7572,1121
2022-06-30 18:28:25,18861.84,117.5841,1269
2022-06-30 18:29:27,18864.31,69.192,1016
2022-06-30 18:30:30,18860.92,64.232,999
2022-06-30 18:31:33,18883.11,119.3777,1581
2022-06-30 18:32:36,18896.39,97.097,1491
2022-06-30 18:33:38,18889.58,84.9751,1574
2022-06-30 18:34:40,18899.78,104.9193,1698
2022-06-30 18:35:42,18906.28,104.6065,1524
2022-06-30 18:36:44,18904.08,58.0152,1081
2022-06-30 18:37:48,18901.61,56.3351,1029
2022-06-30 18:38:51,18898.34,36.1566,762
2022-06-30 18:39:54,18915.29,41.4669,866
2022-06-30 18:40:56,18920.07,56.0569,1132
2022-06-30 18:41:58,18922.76,55.5688,1022
2022-06-30 18:43:00,18923.4,48.5414,831
2022-06-30 18:44:03,18922.01,60.3181,911
2022-06-30 18:45:05,18914.76,68.7521,1058
2022-06-30 18:46:07,18905.63,34.6391,747
2022-06-30 18:47:09,18916.78,42.5014,719
2022-06-30 18:48:11,18920.85,33.565,742
2022-06-30 18:49:14,18928.69,91.5901,1289
2022-06-30 18:50:18,18937.77,73.6795,1287
2022-06-30 18:51:21,18944.0,313.7525,4023
2022-06-30 18:52:26,18923.65,151.8621,2002
2022-06-30 18:53:28,18922.96,77.9391,1414
2022-06-30 18:54:30,18918.57,76.3113,1176
2022-06-30 18:55:32,18910.74,71.3854,1332
2022-06-30 18:56:35,18906.34,72.2369,1254
2022-06-30 18:57:39,18899.48,75.3734,1240
2022-06-30 18:58:42,18890.48,41.2623,865
2022-06-30 18:59:44,18888.29,68.7223,1154
2022-06-30 19:00:45,18888.09,70.2026,1022
2022-06-30 19:01:47,18920.07,35.2729,658
2022-06-30 19:02:51,18926.25,53.45,969
2022-06-30 19:03:54,18920.57,52.3663,1008
2022-06-30 19:04:57,18926.8,54.7537,1042
2022-06-30 19:05:59,18944.65,44.8715,973
2022-06-30 19:07:02,18937.56,47.6294,938
2022-06-30 19:08:04,18966.83,36.3753,647
2022-06-30 19:09:07,18965.45,38.9203,754
2022-06-30 19:10:09,18974.94,54.2407,1050
2022-06-30 19:11:12,18970.39,305.851,3867
2022-06-30 19:12:14,18987.49,91.2772,1727
2022-06-30 19:13:17,18974.83,70.4733,1416
2022-06-30 19:14:19,18977.0,43.6835,878
2022-06-30 19:15:21,18983.18,78.1055,1154
2022-06-30 19:16:22,18974.38,77.52,1133
2022-06-30 19:17:26,18961.44,92.4985,1427
2022-06-30 19:18:29,18994.48,51.897,994
2022-06-30 19:19:31,18999.33,60.3809,1107
2022-06-30 19:20:32,18996.42,70.6317,945
2022-06-30 19:21:35,18990.5,81.8255,1282
2022-06-30 19:22:38,18989.6,43.6892,911
2022-06-30 19:23:41,19000.98,48.3707,816
2022-06-30 19:24:44,18999.29,56.9151,940
2022-06-30 19:25:48,18971.87,39.9458,794
2022-06-30 19:26:50,18983.29,77.949,1279
2022-06-30 19:27:53,18984.22,85.2146,1249
2022-06-30 19:28:56,18991.54,46.7584,849
2022-06-30 19:29:58,19009.04,82.2295,1116
2022-06-30 19:31:01,19049.46,64.7145,938
2022-06-30 19:32:03,19070.62,111.8446,1042
2022-06-30 19:33:06,19079.0,33.1825,790
2022-06-30 19:34:08,19113.05,147.1915,1828
2022-06-30 19:35:10,19116.64,72.9048,1389
2022-06-30 19:36:12,19100.71,54.0716,1027
2022-06-30 19:37:14,19083.59,65.3937,943
2022-06-30 19:38:17,19070.14,61.4513,1099
2022-06-30 19:39:19,19084.49,30.2965,679
2022-06-30 19:40:22,19062.76,44.1013,950
2022-06-30 19:41:25,19076.03,37.0837,779
2022-06-30 19:42:27,19058.33,43.73,1018
2022-06-30 19:43:30,19062.35,193.1715,1912
2022-06-30 19:44:34,19062.41,73.7002,1197
2022-06-30 19:45:38,19084.93,189.3563,2370
2022-06-30 19:46:41,19152.03,142.7233,1896
2022-06-30 19:47:43,19239.0,74.6526,1385
2022-06-30 19:48:45,19307.41,89.3472,1377
2022-06-30 19:49:46,19383.0,79.8392,1416
2022-06-30 19:50:48,19496.53,87.8644,1527
2022-06-30 19:51:51,19720.24,88.2281,1478
2022-06-30 19:52:52,19755.3,37.5571,896
2022-06-30 19:53:55,19768.33,50.3137,915
2022-06-30 19:54:57,19842.3,25.2746,487
2022-06-30 19:55:59,19824.71,27.1424,625
2022-06-30 19:57:03,19824.8,23.5573,539
2022-06-30 19:58:06,19808.68,29.1994,655
2022-06-30 19:59:09,19842.86,44.1837,826
2022-06-30 20:00:11,19940.35,37.3422,746
2022-06-30 20:01:14,19868.13,43.6367,743
2022-06-30 20:02:16,19809.98,73.4063,1104
2022-06-30 20:03:18,19777.83,48.4176,940
2022-06-30 20:04:21,19742.56,59.3832,886
2022-06-30 20:05:23,19710.66,42.8529,866
2022-06-30 20:06:25,19694.51,74.7478,1326
2022-06-30 20:07:27,19777.89,103.4556,1666
2022-06-30 20:08:29,19762.85,36.0635,825
2022-06-30 20:09:31,19749.58,133.9237,1870
2022-06-30 20:10:33,19773.37,75.4453,1335
2022-06-30 20:11:35,19765.21,35.4495,804
2022-06-30 20:12:37,19767.44,70.393,1012
2022-06-30 20:13:39,19766.26,69.4937,1235
2022-06-30 20:14:41,19729.5,71.9638,1271
2022-06-30 20:15:45,19736.14,74.8161,1342
2022-06-30 20:16:47,19717.35,30.2389,756
2022-06-30 20:17:49,19735.51,36.8389,841
2022-06-30 20:18:52,19776.45,51.3399,1137
2022-06-30 20:19:53,19800.82,95.8346,1262
2022-06-30 20:20:55,19798.65,61.3143,1084
2022-06-30 20:21:57,19770.46,44.7214,1066
2022-06-30 20:22:59,19758.64,79.9862,1237
2022-06-30 20:24:04,19762.48,46.9742,998
2022-06-30 20:25:06,19753.07,108.3397,1796
2022-06-30 20:26:08,19863.64,58.5759,1079
2022-06-30 20:27:10,19929.36,49.393,759
2022-06-30 20:28:13,19929.34,66.154,851
2022-06-30 20:29:15,20140.59,67.4898,1030
2022-06-30 20:30:18,20541.61,37.991,969
2022-06-30 20:31:20,20520.92,22.3404,709
2022-06-30 20:32:23,20731.93,35.8809,768
2022-06-30 20:33:27,20695.75,22.3458,663
2022-06-30 20:34:30,20621.98,43.4507,928
2022-06-30 20:35:31,20569.65,31.3829,836
2022-06-30 20:36:33,20497.54,20.3795,723
2022-06-30 20:37:35,20506.19,36.5319,802
2022-06-30 20:38:37,20455.01,61.5448,1040
2022-06-30 20:39:41,20414.19,42.9385,942
2022-06-30 20:40:42,20415.73,42.5492,909
2022-06-30 20:41:44,20407.07,83.7816,1354
2022-06-30 20:42:47,20428.37,44.4468,891
2022-06-30 20:43:50,20450.72,47.3022,970
2022-06-30 20:44:51,20435.76,68.6629,1324
2022-06-30 20:45:54,20408.31,148.1047,1686
2022-06-30 20:46:57,20436.19,59.5264,1104
2022-06-30 20:48:01,20450.63,51.2571,873
2022-06-30 20:49:03,20460.51,48.4656,815
2022-06-30 20:50:05,20438.63,242.5554,3028
2022-06-30 20:51:06,20413.3,81.2837,1462
2022-06-30 20:52:08,20377.28,67.6843,1350
2022-06-30 20:53:10,20420.64,71.859,1229
2022-06-30 20:54:12,20412.35,57.2425,959
2022-06-30 20:55:14,20391.44,60.8918,1137
2022-06-30 20:56:16,20361.51,43.5885,892
2022-06-30 20:57:20,20313.82,57.2664,927
2022-06-30 20:58:22,20322.94,112.8595,1170
2022-06-30 20:59:24,20274.06,57.9805,847
2022-06-30 21:00:26,20301.42,33.881,765
2022-06-30 21:01:28,20288.53,34.9015,816
2022-06-30 21:02:30,20276.51,73.9776,1209
2022-06-30 21:03:32,20332.77,51.0266,820
2022-06-30 21:04:34,20332.03,55.0994,870
2022-06-30 21:05:38,20366.0,16.7563,525
2022-06-30 21:06:40,20419.75,74.51899999999998,1039
2022-06-30 21:07:43,20384.96,58.5503,803
2022-06-30 21:08:45,20366.32,27.3769,870
2022-06-30 21:09:48,20371.75,50.6666,965
2022-06-30 21:10:51,20329.67,64.6458,1055
2022-06-30 21:11:54,20298.84,36.5647,664
2022-06-30 21:12:55,20285.65,31.134,679
2022-06-30 21:13:58,20302.85,37.6597,692
2022-06-30 21:15:01,20298.8,19.6619,572
2022-06-30 21:16:06,20274.97,35.6935,658
2022-06-30 21:17:08,20268.09,34.2361,663
2022-06-30 21:18:11,20313.89,22.602,538
2022-06-30 21:19:13,20343.06,39.9653,735
2022-06-30 21:20:15,20337.34,41.0393,683
2022-06-30 21:21:18,20332.12,34.6499,692
2022-06-30 21:22:21,20362.92,29.8878,735
2022-06-30 21:23:22,20358.44,16.4779,465
2022-06-30 21:24:24,20339.49,53.4202,1066
2022-06-30 21:25:26,20326.74,52.3349,1006
2022-06-30 21:26:29,20342.03,25.9974,581
2022-06-30 21:27:31,20361.88,21.5919,548
2022-06-30 21:28:33,20359.77,33.5089,675
2022-06-30 21:29:35,20370.69,33.9689,876
2022-06-30 21:30:38,20376.65,44.1739,717
2022-06-30 21:31:42,20359.41,25.6906,482
2022-06-30 21:32:46,20311.27,34.6964,777
2022-06-30 21:33:47,20307.07,28.9278,773
2022-06-30 21:34:52,20310.45,31.2544,703
2022-06-30 21:35:55,20309.9,35.2653,822
2022-06-30 21:36:57,20306.94,21.6823,614
2022-06-30 21:37:59,20309.81,77.51,604
2022-06-30 21:39:01,20321.77,30.3213,800
2022-06-30 21:40:04,20371.33,34.7407,870
2022-06-30 21:41:05,20414.72,54.4658,926
2022-06-30 21:42:08,20423.81,34.4788,670
2022-06-30 21:43:10,20429.6,22.7895,545
2022-06-30 21:44:14,20442.99,20.7869,495
2022-06-30 21:45:16,20430.75,24.3562,546
2022-06-30 21:46:19,20417.41,13.7817,413
2022-06-30 21:47:21,20398.51,29.0951,665
2022-06-30 21:48:24,20383.79,21.6381,537
2022-06-30 21:49:27,20412.68,22.7163,560
2022-06-30 21:50:29,20408.89,20.1776,577
2022-06-30 21:51:31,20415.44,72.1194,1049
2022-06-30 21:52:32,20415.34,24.4962,604
2022-06-30 21:53:34,20427.79,37.588,587
2022-06-30 21:54:37,20417.7,44.4932,848
2022-06-30 21:55:39,20405.69,40.6952,795
2022-06-30 21:56:41,20386.56,76.3008,885
2022-06-30 21:57:44,20405.92,23.5203,587
2022-06-30 21:58:45,20421.92,34.9594,705
2022-06-30 21:59:47,20415.93,59.2435,952
2022-06-30 22:00:49,20418.19,46.9317,912
2022-06-30 22:01:52,20409.08,76.7444,976
2022-06-30 22:02:55,20396.31,44.688,921
2022-06-30 22:03:57,20396.65,39.3303,851
2022-06-30 22:04:59,20369.19,50.2752,889
2022-06-30 22:06:01,20365.36,16.5336,432
2022-06-30 22:07:03,20361.56,44.42100000000001,810
2022-06-30 22:08:05,20369.14,19.8647,528
2022-06-30 22:09:09,20421.87,32.1353,505
2022-06-30 22:10:12,20427.79,27.183000000000003,609
2022-06-30 22:11:13,20422.89,17.5987,423
2022-06-30 22:12:15,20451.9,20.5562,546
2022-06-30 22:13:17,20457.57,18.3859,565
2022-06-30 22:14:19,20478.07,23.2501,597
2022-06-30 22:15:21,20489.65,31.2488,653
2022-06-30 22:16:23,20469.26,41.6046,614
2022-06-30 22:17:24,20482.15,20.8817,392
2022-06-30 22:18:29,20473.08,60.3755,1086
2022-06-30 22:19:31,20463.44,35.8219,696
2022-06-30 22:20:33,20436.05,28.5202,572
2022-06-30 22:21:36,20418.21,29.119,676
2022-06-30 22:22:38,20434.56,16.2908,523
2022-06-30 22:23:39,20429.21,19.059,496
2022-06-30 22:24:41,20430.38,41.8051,649
2022-06-30 22:25:43,20431.62,52.7927,808
2022-06-30 22:26:47,20449.75,31.4897,655
2022-06-30 22:27:49,20440.44,34.0984,554
2022-06-30 22:28:51,20392.84,46.6103,800
2022-06-30 22:29:53,20394.68,66.5196,853
2022-06-30 22:30:54,20391.29,19.1706,469
2022-06-30 22:31:57,20373.01,47.3219,680
2022-06-30 22:33:00,20342.86,30.0897,584
2022-06-30 22:34:02,20345.67,34.9407,762
2022-06-30 22:35:05,20340.85,29.522,666
2022-06-30 22:36:09,20335.24,28.8422,518
2022-06-30 22:37:11,20341.38,23.8913,555
2022-06-30 22:38:14,20330.1,24.2268,457
2022-06-30 22:39:17,20335.56,23.6535,559
2022-06-30 22:40:22,20337.08,24.5501,492
2022-06-30 22:41:24,20324.31,32.0895,681
2022-06-30 22:42:27,20332.98,33.9005,579
2022-06-30 22:43:29,20337.15,106.889,1229
2022-06-30 22:44:31,20334.93,99.7675,1581
2022-06-30 22:45:35,20336.93,47.8485,809
2022-06-30 22:46:38,20317.73,47.8925,756
2022-06-30 22:47:40,20317.92,17.5243,424
2022-06-30 22:48:43,20300.88,37.4364,628
2022-06-30 22:49:48,20286.42,50.1578,820
2022-06-30 22:50:49,20293.65,22.6873,640
2022-06-30 22:51:52,20291.76,154.7877,1369
2022-06-30 22:52:54,20287.51,209.1884,2369
2022-06-30 22:53:56,20325.85,43.3069,801
2022-06-30 22:54:59,20338.8,88.5931,793
2022-06-30 22:56:01,20322.12,30.8167,610
2022-06-30 22:57:02,20310.75,10.3278,361
2022-06-30 22:58:06,20321.11,62.2056,905
2022-06-30 22:59:09,20292.47,35.0923,662
2022-06-30 23:00:11,20300.85,23.8303,589
2022-06-30 23:01:13,20305.43,42.2327,697
2022-06-30 23:02:15,20298.77,147.2116,2285
2022-06-30 23:03:18,20278.57,85.9515,1361
2022-06-30 23:04:20,20265.08,52.2868,1118
2022-06-30 23:05:23,20256.07,46.0881,876
2022-06-30 23:06:26,20250.73,52.1855,951
2022-06-30 23:07:28,20208.33,15.7147,380
2022-06-30 23:08:30,20223.9,51.0214,797
2022-06-30 23:09:32,20219.9,46.2716,745
2022-06-30 23:10:36,20225.34,40.8044,575
2022-06-30 23:11:38,20220.94,72.7391,884
2022-06-30 23:12:40,20185.34,50.0662,892
2022-06-30 23:13:42,20172.33,29.2041,604
2022-06-30 23:14:44,20194.08,58.6159,787
2022-06-30 23:15:47,20198.87,29.8073,611
2022-06-30 23:16:49,20196.17,49.1406,660
2022-06-30 23:17:52,20176.63,51.4438,798
2022-06-30 23:18:55,20184.01,33.2992,661
2022-06-30 23:19:58,20201.53,72.3967,993
2022-06-30 23:20:59,20193.2,49.5814,837
2022-06-30 23:22:01,20183.22,40.5987,928
2022-06-30 23:23:05,20150.29,55.0546,605
2022-06-30 23:24:08,20131.78,46.9568,705
2022-06-30 23:25:09,20136.8,95.9273,1273
2022-06-30 23:26:12,20151.85,68.0944,1116
2022-06-30 23:27:15,20118.76,45.364,881
2022-06-30 23:28:18,20108.99,34.5152,715
2022-06-30 23:29:20,20118.47,41.011,834
2022-06-30 23:30:22,20131.33,28.5149,537
2022-06-30 23:31:23,20115.92,54.5254,613
2022-06-30 23:32:25,20107.69,39.0902,679
2022-06-30 23:33:27,20092.55,25.7301,522
2022-06-30 23:34:31,20105.03,39.579,775
2022-06-30 23:35:33,20139.05,35.6451,653
2022-06-30 23:36:34,20139.67,51.9473,1049
2022-06-30 23:37:38,20134.53,136.2325,1410
2022-06-30 23:38:40,20140.36,53.5267,715
2022-06-30 23:39:42,20154.9,42.929,910
2022-06-30 23:40:44,20153.08,26.0999,712
2022-06-30 23:41:47,20134.3,107.0887,1605
2022-06-30 23:42:50,20121.44,113.4705,1230
2022-06-30 23:43:52,20109.87,27.6072,580
2022-06-30 23:44:54,20106.0,43.0059,736
2022-06-30 23:45:57,20107.12,39.4491,678
2022-06-30 23:47:00,20115.82,71.3141,873
2022-06-30 23:48:02,20121.1,56.5011,698
2022-06-30 23:49:04,20112.38,32.3315,661
2022-06-30 23:50:07,20121.24,55.2982,832
2022-06-30 23:51:11,20075.28,66.7412,800
2022-06-30 23:52:13,19978.78,74.396,787
2022-06-30 23:53:17,19894.34,46.925,650
2022-06-30 23:54:19,19860.85,26.71,489
2022-06-30 23:55:21,19825.32,61.0527,755
2022-06-30 23:56:23,19781.75,69.4484,692
2022-06-30 23:57:27,19748.84,73.5564,964
2022-06-30 23:58:29,19734.0,26.4256,583
2022-06-30 23:59:33,19758.26,32.1948,562
2022-07-01 00:00:36,19731.59,61.2987,1200
2022-07-01 00:01:38,19689.87,73.5472,1153
2022-07-01 00:02:39,19733.1,86.6442,1094
2022-07-01 00:03:42,19682.19,99.4167,1548
2022-07-01 00:04:44,19622.6,57.5594,895
2022-07-01 00:05:46,19624.57,44.5861,853
2022-07-01 00:06:49,19592.15,61.6704,622
2022-07-01 00:07:51,19580.58,41.8178,682
2022-07-01 00:08:54,19608.29,50.4428,850
2022-07-01 00:09:56,19644.97,65.0124,985
2022-07-01 00:10:58,19636.61,33.439,695
2022-07-01 00:12:01,19620.4,40.5486,876
2022-07-01 00:13:05,19598.44,62.5971,1070
2022-07-02 22:55:37,19256.48,13.3654,330
2022-07-02 22:56:41,19260.86,6.5372,225
2022-07-02 22:57:44,19264.37,12.8015,462
2022-07-02 22:58:45,19262.53,9.963,711
2022-07-02 22:59:48,19261.42,20.7097,735
2022-07-02 23:00:50,19256.89,12.1949,755
2022-07-02 23:01:54,19255.23,11.3743,359
2022-07-02 23:02:57,19258.1,15.9347,237
2022-07-02 23:03:59,19254.65,2.4582,225
2022-07-02 23:05:02,19257.16,12.5778,555
2022-07-02 23:06:04,19251.66,13.4669,648
2022-07-02 23:07:05,19253.74,116.391,1326
2022-07-02 23:08:07,19257.4,94.8393,1186
2022-07-02 23:09:09,19261.26,62.4279,786
2022-07-02 23:10:10,19264.42,147.7542,2054
2022-07-02 23:11:12,19272.16,129.0589,1919
2022-07-02 23:12:14,19277.18,60.17100000000001,1268
2022-07-02 23:13:16,19273.51,62.543,1269
2022-07-02 23:14:17,19258.39,90.0883,1148
2022-07-02 23:15:20,19244.46,35.266,609
2022-07-02 23:16:24,19259.25,60.0038,861
2022-07-02 23:17:25,19259.38,21.29,473
2022-07-02 23:18:27,19258.89,45.6244,1014
2022-07-02 23:19:29,19268.16,43.4449,762
2022-07-02 23:20:30,19271.63,21.5908,740
2022-07-02 23:21:32,19256.11,39.609,794
2022-07-02 23:22:34,19254.29,30.08,611
2022-07-02 23:23:35,19250.81,93.8559,1445
2022-07-02 23:24:40,19252.51,88.74799999999998,1322
2022-07-02 23:25:43,19247.81,30.3239,753
2022-07-02 23:26:45,19250.13,34.9006,660
2022-07-02 23:27:47,19247.27,13.7602,403
2022-07-02 23:28:49,19263.3,35.708,723
2022-07-02 23:29:52,19260.18,25.8083,675
2022-07-02 23:30:56,19254.99,27.243,1164
2022-07-02 23:31:57,19251.3,29.7767,812
2022-07-02 23:32:59,19252.49,21.0255,575
2022-07-02 23:34:02,19258.88,24.8362,451
2022-07-02 23:35:03,19255.82,15.6517,923
2022-07-02 23:36:05,19252.18,29.4657,593
2022-07-02 23:37:07,19252.61,33.0633,1027
2022-07-02 23:38:09,19263.01,19.0182,470
2022-07-02 23:39:10,19261.61,21.7087,663
2022-07-02 23:40:12,19263.65,87.2934,1335
2022-07-02 23:41:14,19268.79,71.5878,1265
2022-07-02 23:42:15,19285.09,41.1779,843
2022-07-02 23:43:18,19284.42,49.4131,964
2022-07-02 23:44:20,19297.05,15.3897,817
2022-07-04 21:19:41,20345.45,24.0497,1085
2022-07-04 21:20:42,20345.63,16.8666,922
2022-07-04 21:21:45,20325.82,11.8688,790
2022-07-04 21:22:47,20314.04,21.6249,783
2022-07-04 21:23:48,20305.64,69.7964,1455
2022-07-04 21:24:50,20299.93,15.599,673
2022-07-04 21:25:52,20287.92,164.3733,2313
2022-07-04 21:26:55,20274.56,60.96100000000001,1201
2022-07-04 21:27:59,20259.99,38.63800000000001,615
2022-07-04 21:29:00,20274.07,37.3934,909
2022-07-04 21:30:03,20281.86,22.5935,582
2022-07-04 21:31:05,20286.14,17.393,605
2022-07-04 21:32:08,20292.44,30.0818,699
2022-07-04 21:33:09,20272.36,31.5172,1032
2022-07-04 21:34:11,20296.06,40.4308,1409
2022-07-04 21:35:14,20284.08,132.4705,2618
2022-07-04 21:36:17,20277.16,72.2823,1697
2022-07-04 21:37:20,20271.71,28.5069,1128
2022-07-04 21:38:21,20270.19,69.3803,967
2022-07-04 21:39:23,20266.07,31.7657,944
2022-07-04 21:40:24,20270.46,27.8185,1246
2022-07-04 21:41:27,20278.55,97.4702,2072
2022-07-04 21:42:30,20265.73,71.7335,1628
2022-07-04 21:43:32,20263.83,72.9974,1235
2022-07-04 21:44:34,20274.04,162.6571,2076
2022-07-04 21:45:39,20271.12,63.0911,1171
2022-07-04 21:46:41,20286.02,83.1563,1166
2022-07-04 21:47:43,20289.71,593.6397,7025
2022-07-04 21:48:45,20282.12,165.0939,2434
2022-07-04 21:49:46,20287.56,149.7052,2427
2022-07-04 21:50:49,20295.69,108.3013,2190
2022-07-04 21:51:51,20288.86,95.4185,1981
2022-07-04 21:52:53,20293.09,84.3083,1670
2022-07-04 21:53:55,20291.43,95.4082,1562
2022-07-04 21:54:58,20288.55,82.9967,1277
2022-07-04 21:56:00,20279.4,91.5624,1826
2022-07-04 21:57:04,20281.34,52.824,1486
2022-07-04 21:58:05,20285.66,209.0859,2638
2022-07-04 21:59:08,20289.76,38.4048,1126
2022-07-04 22:00:10,20301.87,83.1841,1561
2022-07-04 22:01:12,20296.83,114.2797,1895
2022-07-04 22:02:15,20282.72,109.0949,2334
2022-07-04 22:03:18,20283.23,71.0682,1373
2022-07-04 22:04:21,20277.28,120.3642,2206
2022-07-04 22:05:23,20276.85,74.27600000000002,2172
2022-07-04 22:06:25,20271.67,52.3524,1096
2022-07-04 22:07:27,20250.59,57.1991,908
2022-07-04 22:08:29,20256.17,65.2632,1075
2022-07-04 22:09:31,20238.73,44.4956,1118
2022-07-04 22:10:33,20229.51,75.1555,1469
2022-07-04 22:11:36,20243.89,58.2264,1322
2022-07-04 22:12:38,20249.95,43.7529,1215
2022-07-05 14:51:52,19981.74,20.3551,921
2022-07-05 14:52:54,20009.94,118.2619,1056
2022-07-05 14:53:57,20002.44,65.4317,1070
2022-07-05 14:55:00,20030.1,19.1532,432
2022-07-05 14:56:02,20025.91,65.0008,954
2022-07-05 14:57:06,20035.16,24.6926,498
2022-07-05 14:58:11,20056.84,20.7901,703
2022-07-05 14:59:13,20059.23,80.9038,1154
2022-07-05 15:00:14,20107.9,43.6142,1408
2022-07-05 15:01:17,20089.76,64.4437,1019
2022-07-05 15:02:18,20111.1,45.065,864
2022-07-05 15:03:23,20171.58,28.9536,642
2022-07-05 15:04:26,20226.91,21.0201,419
2022-07-05 15:05:29,20263.89,17.3898,437
2022-07-05 15:06:30,20220.2,24.0203,739
2022-07-05 15:07:33,20222.18,13.6906,352
2022-07-05 15:08:36,20241.78,15.0229,313
2022-07-05 15:09:38,20202.81,29.6739,618
2022-07-05 15:10:41,20207.02,35.8182,1000
2022-07-05 15:11:42,20209.06,33.6428,1342
2022-07-05 15:12:45,20231.67,42.0908,1148
2022-07-05 15:13:49,20237.94,43.7974,1554
2022-07-05 15:14:51,20254.4,33.586,831
2022-07-05 15:15:55,20239.54,30.6124,648
2022-07-05 15:16:59,20218.17,14.9962,400
2022-07-05 15:18:02,20181.86,43.8851,1689
2022-07-05 15:19:06,20185.94,24.6672,1215
2022-07-05 15:20:08,20184.85,43.8027,2040
2022-07-05 15:21:10,20198.0,18.103,804
2022-07-05 15:22:11,20207.75,19.3592,803
2022-07-05 15:23:13,20206.29,45.1923,829
2022-07-05 15:24:18,20218.94,22.6668,711
2022-07-05 15:25:19,20232.77,23.7458,1116
2022-07-05 15:26:22,20241.11,25.7122,959
2022-07-05 15:27:27,20244.48,35.1086,1528
2022-07-05 15:28:29,20235.14,43.9734,1504
2022-07-05 15:29:30,20224.76,15.6562,863
2022-07-05 15:30:34,20245.4,19.6625,979
2022-07-05 15:31:35,20262.63,32.5505,1100
2022-07-05 15:32:38,20271.83,30.8859,901
2022-07-05 15:33:43,20279.88,39.4681,1417
2022-07-05 15:34:47,20286.59,39.1897,1287
2022-07-05 15:35:50,20281.38,50.4312,1458
2022-07-05 15:36:54,20283.67,45.179,1443
2022-07-05 15:37:56,20303.97,54.5029,1089
2022-07-05 15:38:59,20316.96,44.7324,1057
2022-07-05 15:40:01,20327.53,36.9652,781
2022-07-05 15:41:03,20366.77,27.2963,747
2022-07-05 15:42:05,20382.45,30.2642,477
2022-07-05 15:43:08,20389.61,13.7737,535
2022-07-05 15:44:13,20380.96,42.0739,881
2022-07-05 15:45:16,20392.1,18.3062,726
2022-07-05 15:46:18,20435.84,33.4154,1321
2022-07-05 15:47:20,20444.0,34.2702,892
2022-07-05 15:48:22,20442.06,14.3545,772
2022-07-05 15:49:23,20440.11,47.206,1075
2022-07-05 15:50:27,20463.79,20.8622,403
2022-07-05 15:51:30,20472.27,20.4241,476
2022-07-05 15:52:31,20471.7,33.4253,824
2022-07-05 15:53:34,20446.89,59.7578,1351
2022-07-05 15:54:35,20459.89,162.4671,2434
2022-07-05 15:55:37,20455.98,64.3357,1326
2022-07-05 15:56:39,20442.65,40.0222,1167
2022-07-05 15:57:41,20418.37,73.428,2383
2022-07-05 15:58:43,20390.48,50.8944,1260
2022-07-05 15:59:47,20379.47,30.5526,1367
2022-07-05 16:00:49,20416.35,37.7908,1214
2022-07-05 16:01:51,20414.8,51.2925,790
2022-07-05 16:02:53,20394.01,29.7359,696
2022-07-05 16:03:56,20390.88,72.2586,1264
2022-07-05 16:04:57,20398.03,50.8556,1391
2022-07-05 16:05:59,20429.18,32.4491,1452
2022-07-05 16:07:00,20462.54,172.9226,2322
2022-07-05 16:08:06,20487.35,55.43899999999999,1539
2022-07-05 16:09:08,20501.01,419.7831,5038
2022-07-05 16:10:09,20504.63,156.8209,2114
2022-07-05 16:11:11,20565.25,73.7778,1121
2022-07-05 16:12:14,20637.56,149.2718,2552
2022-07-05 16:13:16,20664.36,177.9924,2554
2022-07-05 16:14:18,20713.99,330.706,4020
2022-07-05 16:15:20,20684.54,138.3633,2711
2022-07-05 16:16:23,20636.46,126.0668,2016
2022-07-05 16:17:26,20603.7,66.0038,1123
2022-07-05 16:18:27,20602.89,53.1684,921
2022-07-05 16:19:32,20582.55,106.003,1562
2022-07-05 16:20:34,20573.47,380.0291,4165
2022-07-05 16:21:37,20633.68,216.4706,2584
2022-07-05 16:22:39,20602.82,153.6545,2221
2022-07-05 16:23:42,20602.22,82.3193,1621
2022-07-05 16:24:45,20611.71,99.606,1861
2022-07-05 16:25:47,20609.46,108.9584,1581
2022-07-05 16:26:50,20605.66,62.3441,1528
2022-07-05 16:27:53,20597.15,58.7254,1233
2022-07-05 16:28:56,20568.28,65.3316,1312
2022-07-05 16:29:58,20589.63,35.8223,830
2022-07-05 16:31:00,20597.31,57.0371,944
2022-07-05 16:32:02,20603.18,38.0983,672
2022-07-05 16:33:05,20627.53,135.8,1629
2022-07-05 16:34:08,20648.93,95.0861,1496
2022-07-05 16:35:10,20658.0,167.5035,1551
2022-07-05 16:36:13,20626.56,125.6913,1703
2022-07-05 16:37:15,20598.89,168.2559,2140
2022-07-05 16:38:18,20585.25,70.3337,1134
2022-07-05 16:39:20,20581.92,80.2692,1588
2022-07-05 16:40:22,20545.94,85.9997,1144
2022-07-05 16:41:24,20520.28,74.0274,935
2022-07-05 16:42:27,20548.26,54.1226,1110
2022-07-05 16:43:33,20518.44,43.5111,853
2022-07-05 16:44:36,20522.87,73.3719,955
2022-07-05 16:45:38,20505.65,77.0924,1094
2022-07-05 16:46:41,20512.82,77.229,1262
2022-07-05 16:47:44,20503.79,87.086,1180
2022-07-05 16:48:46,20491.01,54.1547,966
2022-07-05 16:49:48,20471.46,73.2657,1055
2022-07-05 16:50:51,20480.69,39.1143,709
2022-07-05 16:51:52,20466.76,66.9513,719
2022-07-05 16:52:55,20480.19,20.5879,676
2022-07-05 16:53:58,20486.49,33.7316,537
2022-07-05 16:55:01,20484.64,78.3846,1207
2022-07-05 16:56:04,20485.2,138.2337,2221
2022-07-05 16:57:06,20482.17,118.3838,1654
2022-07-05 16:58:08,20487.8,144.6799,1770
2022-07-05 16:59:11,20485.06,63.3329,1079
2022-07-05 17:00:12,20463.69,45.5611,923
2022-07-05 17:01:14,20479.93,51.5765,1079
2022-07-05 17:02:17,20478.17,56.0468,1105
2022-07-06 13:01:41,20355.66,65.1857,777
2022-07-06 13:02:46,20341.84,37.5942,656
2022-07-06 13:03:48,20342.36,56.8059,1288
2022-07-06 13:04:51,20341.38,43.8175,820
2022-07-06 13:05:54,20347.99,57.2909,1428
2022-07-06 13:06:56,20343.8,76.12,1331
2022-07-06 13:07:58,20350.61,61.5853,868
2022-07-06 13:09:01,20360.42,33.0137,498
2022-07-06 13:10:03,20344.97,46.2594,1136
2022-07-06 13:11:06,20323.99,37.5619,899
2022-07-06 13:12:10,20317.82,46.6865,1005
2022-07-06 13:13:11,20300.0,24.3698,926
2022-07-06 13:14:16,20303.18,38.865,677
2022-07-06 13:15:18,20292.04,15.5748,341
2022-07-06 13:16:20,20292.86,44.0238,597
2022-07-06 13:17:23,20275.33,19.8468,325
2022-07-06 13:18:25,20277.35,33.8476,817
2022-07-06 13:19:27,20277.57,43.8049,940
2022-07-06 13:20:33,20301.5,34.4565,892
2022-07-06 13:21:35,20282.22,41.0673,1010
2022-07-06 13:22:38,20274.77,59.3857,963
2022-07-06 13:23:41,20288.66,48.0094,724
2022-07-06 13:24:45,20293.4,68.9197,874
2022-07-06 13:25:46,20291.63,20.3007,496
2022-07-06 13:26:49,20281.01,21.7579,662
2022-07-06 13:27:52,20272.28,26.1075,545
2022-07-06 13:28:55,20286.29,28.9572,727
2022-07-06 13:29:57,20280.14,26.7816,701
2022-07-06 13:30:59,20266.58,20.375,474
2022-07-06 13:32:02,20245.37,35.3306,527
2022-07-06 13:33:05,20243.49,42.4529,1164
2022-07-06 13:34:08,20245.57,45.6674,889
2022-07-06 13:35:26,20258.6,43.251999999999995,1168
2022-07-06 13:36:28,20256.85,50.1102,945
2022-07-06 13:37:30,20257.22,65.8164,939
2022-07-06 13:38:32,20266.79,36.8005,667
2022-07-06 13:39:35,20266.99,95.0082,1428
2022-07-06 13:40:38,20279.11,69.6776,1112
2022-07-06 13:41:41,20282.27,78.9894,1402
2022-07-06 13:42:43,20273.42,35.2981,743
2022-07-06 13:50:07,20283.92,33.0186,937
2022-07-06 13:51:10,20284.36,29.1207,849
2022-07-06 13:52:12,20287.69,25.1941,924
2022-07-06 13:53:15,20286.89,30.0414,1008
2022-07-06 13:54:18,20275.61,41.4755,799
2022-07-06 13:55:20,20283.21,35.8719,482
2022-07-06 13:56:23,20301.77,48.2127,559
2022-07-06 13:57:25,20288.5,40.3763,748
2022-07-06 13:58:26,20285.89,49.833,885
2022-07-06 13:59:28,20277.63,28.2982,736
2022-07-06 14:00:31,20285.45,17.0308,647
2022-07-06 14:01:33,20266.58,25.6602,1016
2022-07-06 14:02:35,20240.7,16.0509,689
2022-07-06 14:03:37,20230.52,39.7988,1151
2022-07-06 14:04:55,20209.82,25.664,670
2022-07-06 14:05:57,20274.07,24.1329,898
2022-07-06 14:07:00,20317.21,26.5031,1270
2022-07-06 14:08:03,20342.94,16.3621,835
2022-07-06 14:09:04,20335.97,28.2251,938
2022-07-06 14:10:06,20293.16,24.1821,707
2022-07-06 14:11:09,20262.1,33.3466,1132
2022-07-06 14:12:11,20211.84,30.2833,665
2022-07-06 14:13:14,20219.04,38.7895,1188
2022-07-06 14:14:17,20254.71,31.9965,1169
2022-07-06 14:15:20,20240.15,45.3767,1008
2022-07-06 14:16:23,20229.02,83.6921,1204
2022-07-06 14:17:32,20212.82,32.0039,913
2022-07-06 14:18:33,20213.96,37.1286,1491
2022-07-06 14:19:37,20196.12,44.2365,1072
2022-07-06 14:20:39,20205.22,34.3167,949
2022-07-06 14:21:40,20209.65,26.5092,982
2022-07-06 14:22:42,20218.69,20.7799,644
2022-07-06 14:23:44,20251.72,23.0623,520
2022-07-06 14:24:47,20244.31,61.3276,902
2022-07-06 14:25:50,20254.94,38.7759,879
2022-07-06 14:26:52,20240.64,65.7481,1040
2022-07-06 14:27:55,20248.08,32.2495,1027
2022-07-06 14:28:58,20306.63,46.9218,1025
2022-07-06 14:30:02,20325.71,23.3701,426
2022-07-06 14:31:04,20364.21,56.7331,675
2022-07-06 14:32:06,20337.67,48.1068,752
2022-07-06 14:33:08,20336.05,101.2298,1165
2022-07-06 14:34:10,20370.36,26.29300000000001,601
2022-07-06 14:35:13,20357.54,28.5279,514
2022-07-06 14:36:14,20366.69,11.9496,346
2022-07-06 14:37:17,20352.38,100.8541,1520
2022-07-06 14:38:21,20339.04,39.4997,719
2022-07-06 14:39:23,20354.1,42.7906,719
2022-07-06 14:40:25,20367.06,78.4511,1382
2022-07-06 14:41:27,20394.76,89.4474,1323
2022-07-06 14:42:29,20413.92,98.5433,1306
2022-07-06 14:43:32,20422.59,28.1805,625
2022-07-06 14:44:35,20424.99,53.83,947
2022-07-06 14:45:38,20422.45,76.196,984
2022-07-06 14:46:40,20407.87,20.5722,499
2022-07-06 14:47:46,20423.72,22.7891,619
2022-07-06 14:48:48,20418.99,46.2379,883
2022-07-06 14:49:51,20408.45,104.5137,1624
2022-07-06 14:50:55,20403.94,47.9897,798
2022-07-06 14:51:57,20412.25,35.0517,669
2022-07-06 14:52:59,20386.18,30.5643,607
2022-07-06 14:54:02,20386.54,29.7011,571
2022-07-06 14:55:04,20357.61,49.1827,971
2022-07-06 14:56:06,20370.1,49.3744,954
2022-07-06 14:57:08,20376.15,41.3423,792
2022-07-06 14:58:11,20369.58,41.3672,658
2022-07-06 14:59:13,20381.38,39.94,641
2022-07-06 15:00:16,20377.83,239.9339,2364
2022-07-06 15:01:19,20364.26,118.4042,1319
2022-07-06 15:02:21,20351.24,48.4431,763
2022-07-06 15:03:23,20345.35,36.7582,630
2022-07-06 15:04:26,20342.61,39.2529,678
2022-07-06 15:05:28,20346.41,29.4185,599
2022-07-06 15:06:31,20362.7,39.1622,642
2022-07-06 15:07:33,20376.76,32.2094,588
2022-07-06 15:08:37,20397.67,40.0121,780
2022-07-06 15:09:39,20414.51,20.5135,449
2022-07-06 15:10:41,20425.83,21.6647,496
2022-07-06 15:11:43,20446.92,22.1112,487
2022-07-06 15:12:46,20455.2,29.2459,442
2022-07-06 15:13:48,20442.9,21.2338,525
2022-07-06 15:14:49,20448.74,27.7004,510
2022-07-06 15:15:51,20439.49,10.7363,361
2022-07-06 15:16:53,20427.17,18.2812,398
2022-07-06 15:18:03,20440.6,37.3321,584
2022-07-06 15:19:05,20448.42,34.1336,586
2022-07-06 15:20:07,20427.82,19.1498,386
2022-07-06 15:21:10,20438.39,19.9342,379
2022-07-06 15:22:13,20435.0,30.7349,608
2022-07-06 15:23:14,20445.08,19.6589,416
2022-07-06 15:24:16,20463.21,19.7009,553
2022-07-06 15:25:19,20458.01,58.6004,876
2022-07-06 15:26:21,20438.46,52.4248,732
2022-07-06 15:27:24,20437.07,53.0526,978
2022-07-06 15:28:27,20424.04,73.5556,906
2022-07-06 15:29:29,20417.79,53.1435,773
2022-07-06 15:30:33,20413.49,16.3279,444
2022-07-06 15:31:35,20390.5,16.1528,381
2022-07-06 15:32:37,20389.56,38.7012,756
2022-07-06 15:33:38,20388.22,80.8419,1038
2022-07-06 15:34:41,20385.22,103.3543,1448
2022-07-06 15:35:44,20411.14,51.7852,892
2022-07-06 15:36:48,20428.67,52.9302,877
2022-07-06 15:37:52,20407.69,51.7798,865
2022-07-06 15:38:53,20391.88,72.8163,859
2022-07-06 15:39:56,20374.11,24.3074,611
2022-07-06 15:41:00,20370.79,22.2875,608
2022-07-06 15:42:03,20376.84,36.314,557
2022-07-06 15:43:06,20362.99,12.6867,337
2022-07-06 15:44:07,20356.23,32.5087,544
2022-07-06 15:45:10,20346.88,9.5804,412
2022-07-06 15:46:12,20324.56,115.511,986
2022-07-06 15:47:14,20335.29,28.2579,567
2022-07-06 15:48:17,20320.51,15.9418,461
2022-07-06 15:49:19,20311.4,24.1349,533
2022-07-06 15:50:21,20318.2,12.7573,443
2022-07-06 15:51:23,20294.3,24.9494,465
2022-07-06 15:52:27,20283.85,37.3573,755
2022-07-06 15:53:31,20287.31,56.9365,662
2022-07-06 15:54:34,20281.35,32.1866,627
2022-07-06 15:55:37,20288.18,28.873,642
2022-07-06 15:56:39,20302.02,33.071,654
2022-07-06 15:57:41,20308.47,33.4548,675
2022-07-06 15:58:44,20314.0,19.3519,461
2022-07-06 15:59:46,20320.67,27.0783,519
2022-07-06 16:00:48,20323.56,15.5713,310
2022-07-06 16:01:52,20322.47,37.6917,626
2022-07-06 16:02:54,20298.4,53.0527,867
2022-07-06 16:03:56,20314.1,30.5805,591
2022-07-06 16:05:00,20327.4,18.8072,459
2022-07-06 16:06:01,20327.76,14.9267,501
2022-07-06 16:07:05,20313.79,27.3502,533
2022-07-06 16:08:07,20299.53,16.4377,420
2022-07-06 16:09:10,20336.58,22.3875,544
2022-07-06 16:10:13,20336.69,22.3896,451
2022-07-06 16:11:16,20335.29,21.9752,353
2022-07-06 16:12:18,20342.15,33.9026,605
2022-07-06 16:13:20,20327.67,24.048,483
2022-07-06 16:14:23,20315.11,13.890999999999998,356
2022-07-06 16:15:26,20303.8,40.7186,536
2022-07-06 16:16:28,20311.97,13.7687,489
2022-07-06 16:17:31,20292.68,20.3728,455
2022-07-06 16:18:34,20282.84,22.8052,523
2022-07-06 16:19:36,20289.6,40.5262,692
2022-07-06 16:20:39,20300.26,265.0225,2550
2022-07-06 16:21:42,20304.15,156.3117,2436
2022-07-06 16:22:44,20309.45,72.0499,1266
2022-07-06 16:23:47,20306.78,77.9045,1265
2022-07-06 16:24:49,20304.12,92.1373,1153
2022-07-06 16:25:52,20303.92,44.8163,716
2022-07-06 16:26:57,20312.08,62.3399,843
2022-07-06 16:27:59,20313.6,69.7614,1288
2022-07-06 16:29:02,20315.52,34.9967,720
2022-07-06 16:30:04,20308.76,67.0384,1068
2022-07-06 16:31:07,20308.83,22.8825,595
2022-07-06 16:32:17,20303.91,27.492,605
2022-07-06 16:33:21,20310.7,34.4924,663
2022-07-06 16:34:25,20326.67,37.8768,746
2022-07-06 16:35:27,20330.06,30.3818,676
2022-07-06 16:36:30,20333.22,28.459,715
2022-07-06 16:37:33,20325.2,79.2633,1172
2022-07-06 16:38:36,20326.2,22.1304,560
2022-07-06 16:39:38,20320.27,117.675,1388
2022-07-06 16:40:39,20320.95,216.1678,3233
2022-07-06 16:41:42,20312.22,165.6466,1806
2022-07-06 16:42:45,20290.68,84.6773,1248
2022-07-06 16:43:47,20292.55,66.5933,1032
2022-07-06 16:44:50,20298.82,119.104,1420
2022-07-06 16:45:52,20294.6,65.0672,948
2022-07-06 16:46:54,20314.9,48.3443,922
2022-07-06 16:48:04,20320.05,47.2941,796
2022-07-06 16:49:07,20321.4,94.9824,1262
2022-07-06 16:50:10,20322.08,40.6719,834
2022-07-06 16:51:13,20314.92,31.987,685
2022-07-06 16:52:16,20369.81,53.6598,930
2022-07-06 16:53:18,20404.0,48.4663,817
2022-07-06 16:54:22,20404.44,29.5761,679
2022-07-06 16:55:24,20403.44,37.508,679
2022-07-06 16:56:26,20429.35,27.06900000000001,547
2022-07-06 16:57:28,20438.89,32.3038,617
2022-07-06 16:58:31,20434.41,42.6075,765
2022-07-06 16:59:34,20410.88,16.766,454
2022-07-06 17:00:36,20408.63,32.6136,688
2022-07-06 17:01:39,20415.61,87.4885,1035
2022-07-06 17:02:49,20421.54,70.4797,987
2022-07-06 17:03:52,20416.22,37.0601,641
2022-07-06 17:04:55,20397.98,68.6266,929
2022-07-06 17:05:57,20403.39,32.2609,748
2022-07-06 17:06:59,20410.96,26.7763,542
2022-07-06 17:08:01,20403.81,24.2728,578
2022-07-06 17:09:03,20382.83,61.0478,750
2022-07-06 17:10:06,20370.3,14.9809,518
2022-07-06 17:11:08,20372.78,27.8236,672
2022-07-06 17:12:10,20378.71,26.893,550
2022-07-06 17:13:12,20382.71,52.2611,704
2022-07-06 17:14:15,20405.22,20.4704,509
2022-07-06 17:15:19,20408.76,15.9296,478
2022-07-06 17:16:21,20399.57,25.9881,484
2022-07-06 17:17:22,20392.84,30.09800000000001,726
2022-07-06 17:18:25,20390.9,27.7989,578
2022-07-06 17:19:28,20393.28,41.7063,649
2022-07-06 17:20:31,20399.61,56.3825,789
2022-07-06 17:21:33,20408.1,45.6548,790
2022-07-06 17:22:36,20387.98,23.0427,559
2022-07-06 17:23:38,20373.83,24.6116,602
2022-07-06 17:24:41,20376.33,23.009,483
2022-07-06 17:25:43,20387.34,6.7843,291
2022-07-06 17:26:47,20376.41,38.2573,740
2022-07-06 17:27:49,20372.72,25.8414,572
2022-07-06 17:28:50,20376.68,73.295,1169
2022-07-06 17:29:52,20379.91,31.8326,586
2022-07-06 17:30:55,20379.9,71.8823,971
2022-07-06 17:31:58,20379.74,140.2938,1992
2022-07-06 17:33:01,20376.6,157.9739,1626
2022-07-06 17:34:03,20373.24,98.6107,1286
2022-07-06 17:35:07,20370.8,102.4111,1179
2022-07-06 17:36:09,20364.03,35.2033,776
2022-07-06 17:37:12,20358.62,49.8312,770
2022-07-06 17:38:13,20366.95,112.0974,1432
2022-07-06 17:39:15,20393.31,73.5305,1047
2022-07-06 17:40:17,20411.97,60.4286,869
2022-07-06 17:41:19,20398.89,20.239,563
2022-07-06 17:42:22,20393.6,62.7274,944
2022-07-06 17:43:24,20355.26,46.1756,761
2022-07-06 17:44:26,20330.37,49.7277,730
2022-07-06 17:45:28,20332.54,57.6677,775
2022-07-06 17:46:31,20317.83,48.4981,701
2022-07-06 17:47:34,20330.37,32.1616,720
2022-07-06 17:48:37,20343.65,30.5183,643
2022-07-06 17:49:39,20333.82,114.3444,1582
2022-07-06 17:50:42,20344.54,152.4454,1597
2022-07-06 17:51:44,20347.4,223.4817,3127
2022-07-06 17:52:47,20326.68,535.7706,5654
2022-07-06 17:53:49,20348.32,199.5591,2522
2022-07-06 17:54:51,20353.1,146.7431,2239
2022-07-06 17:55:53,20349.05,186.5152,2406
2022-07-06 17:56:55,20345.88,353.7332,3956
2022-07-06 17:57:57,20338.1,251.9294,2734
2022-07-06 17:59:00,20337.36,150.0061,1877
2022-07-06 18:00:02,20358.92,173.5395,2205
2022-07-06 18:01:04,20352.91,206.8033,2363
2022-07-06 18:02:06,20358.46,153.49,1889
2022-07-06 18:03:08,20370.01,149.9376,1717
2022-07-06 18:04:11,20358.14,204.0941,2208
2022-07-06 18:05:13,20377.42,175.6058,2538
2022-07-06 18:06:15,20387.46,96.3289,1355
2022-07-06 18:07:18,20436.26,124.5221,1500
2022-07-06 18:08:22,20497.53,191.3157,1819
2022-07-06 18:09:27,20537.67,104.8949,1400
2022-07-06 18:10:31,20556.51,65.3154,1158
2022-07-06 18:11:35,20565.51,111.6034,1644
2022-07-06 18:12:37,20569.91,90.1102,1396
2022-07-06 18:13:39,20541.79,95.6883,1216
2022-07-06 18:14:42,20516.81,77.5836,1159
2022-07-06 18:15:45,20518.16,96.2182,1298
2022-07-06 18:16:48,20514.69,105.847,1359
2022-07-06 18:17:51,20492.13,58.7551,1052
2022-07-06 18:18:53,20493.84,93.3307,1485
2022-07-06 18:19:57,20496.76,456.8381,4069
2022-07-06 18:21:00,20499.73,219.3133,2053
2022-07-06 18:22:02,20482.83,84.9737,1253
2022-07-06 18:23:05,20480.7,128.6636,1255
2022-07-06 18:24:06,20484.7,71.2917,1243
2022-07-06 18:25:08,20494.3,71.5439,1153
2022-07-06 18:26:10,20483.7,181.3486,2349
2022-07-06 18:27:13,20486.99,123.2495,1588
2022-07-06 18:28:16,20472.98,82.7067,1347
2022-07-06 18:29:18,20468.05,75.1794,1143
2022-07-06 18:30:22,20473.68,48.4548,1095
2022-07-06 18:31:24,20470.96,40.8157,968
2022-07-06 18:32:30,20469.93,145.8758,1896
2022-07-06 18:33:33,20483.12,172.2557,2114
2022-07-06 18:34:35,20486.08,45.5289,1039
2022-07-06 18:35:37,20482.22,67.7157,1279
2022-07-06 18:36:41,20498.83,121.7767,1352
2022-07-06 18:37:44,20524.04,81.8556,1324
2022-07-06 18:38:48,20520.88,54.9101,987
2022-07-06 18:39:50,20517.75,69.8138,1180
2022-07-06 18:40:53,20515.49,42.1992,867
2022-07-06 18:41:55,20516.56,43.6326,953
2022-07-06 18:42:59,20508.56,94.7524,1309
2022-07-06 18:44:02,20521.65,56.246,970
2022-07-06 18:45:04,20518.68,44.192,972
2022-07-06 18:46:05,20521.18,45.4621,962
2022-07-06 18:47:07,20505.69,73.0185,1212
2022-07-06 18:48:10,20490.2,48.5582,1045
2022-07-06 18:49:12,20472.31,22.7649,760
2022-07-06 18:50:15,20472.01,40.0955,901
2022-07-06 18:51:18,20474.2,125.26899999999999,1598
2022-07-06 18:52:20,20472.6,53.24800000000001,1011
2022-07-06 18:53:21,20468.61,36.6235,794
2022-07-06 18:54:24,20488.81,99.7768,1286
2022-07-06 18:55:26,20503.64,34.2665,769
2022-07-06 18:56:28,20515.25,62.8591,853
2022-07-06 18:57:30,20515.75,37.1222,609
2022-07-06 18:58:31,20521.98,44.0874,1053
2022-07-06 18:59:33,20520.4,66.5711,1163
2022-07-06 19:00:36,20509.13,45.893,760
2022-07-06 19:01:38,20524.81,57.9063,1019
2022-07-06 19:02:46,20559.03,79.6483,1346
2022-07-06 19:03:48,20562.9,42.4779,806
2022-07-06 19:04:50,20612.24,57.1452,940
2022-07-06 19:05:52,20629.07,64.1785,947
2022-07-06 19:06:54,20633.35,48.4064,937
2022-07-06 19:07:56,20650.81,35.7498,803
2022-07-06 19:09:00,20620.11,45.0338,765
2022-07-06 19:10:01,20602.23,60.3262,1014
2022-07-06 19:11:03,20594.06,19.8048,630
2022-07-06 19:12:06,20595.38,24.6096,672
2022-07-06 19:13:08,20605.0,55.5544,813
2022-07-06 19:14:10,20603.31,53.9006,893
2022-07-06 19:15:12,20602.34,28.6473,713
2022-07-06 19:16:13,20617.89,34.2132,793
2022-07-06 19:17:16,20627.45,23.6094,587
2022-07-06 19:18:19,20608.35,33.6825,798
2022-07-06 19:19:22,20594.2,43.0274,764
2022-07-06 19:20:24,20594.54,38.198,710
2022-07-06 19:21:28,20589.23,49.9465,1022
2022-07-06 19:22:31,20580.47,52.2389,920
2022-07-06 19:23:35,20572.6,53.9295,1248
2022-07-06 19:24:38,20568.4,46.29600000000001,1195
2022-07-06 19:25:40,20586.19,17.8797,715
2022-07-06 19:26:42,20602.88,28.281,1041
2022-07-06 19:27:45,20605.79,52.7485,1038
2022-07-06 19:28:47,20600.71,25.7269,862
2022-07-06 19:29:48,20596.34,49.7705,1146
2022-07-06 19:30:50,20607.43,48.4465,831
2022-07-06 19:31:53,20604.44,47.5719,894
2022-07-06 19:33:04,20610.29,33.3,796
2022-07-06 19:34:06,20607.17,37.3216,885
2022-07-06 19:35:08,20608.08,60.7146,1127
2022-07-06 19:36:10,20607.56,37.033,793
2022-07-06 19:37:15,20605.5,32.51,679
2022-07-06 19:38:17,20602.32,38.1743,784
2022-07-06 19:39:21,20585.14,42.4901,853
2022-07-06 19:40:23,20571.82,18.7788,641
2022-07-06 19:41:26,20575.62,55.8232,887
2022-07-06 19:42:29,20568.9,50.4285,827
2022-07-06 19:43:32,20558.33,21.9572,660
2022-07-06 19:44:34,20552.77,65.8635,1261
2022-07-06 19:45:37,20552.41,91.6011,1093
2022-07-06 19:46:40,20558.22,28.4722,664
2022-07-06 19:47:45,20561.65,40.6388,742
2022-07-06 19:48:48,20571.27,27.0379,545
2022-07-06 19:49:51,20582.64,74.6682,1124
2022-07-06 19:50:53,20588.33,55.7469,1014
2022-07-06 19:51:55,20586.09,59.4571,1013
2022-07-06 19:52:57,20577.06,39.82,835
2022-07-06 19:53:59,20576.86,44.3517,835
2022-07-06 19:55:03,20569.72,44.018,815
2022-07-06 19:56:07,20561.35,31.5661,586
2022-07-06 19:57:09,20557.15,26.1919,594
2022-07-06 19:58:10,20561.1,28.3061,662
2022-07-06 19:59:12,20565.54,41.2439,795
2022-07-06 20:00:15,20564.25,45.0187,784
2022-07-06 20:01:17,20569.65,34.4082,753
2022-07-06 20:02:19,20579.84,36.0761,921
2022-07-06 20:03:21,20588.96,23.6339,647
2022-07-06 20:04:24,20551.63,38.9739,766
2022-07-06 20:05:26,20519.81,30.9284,610
2022-07-06 20:06:27,20499.51,20.7294,530
2022-07-06 20:07:29,20499.34,85.5292,1091
2022-07-06 20:08:33,20501.32,65.344,1142
2022-07-06 20:09:35,20503.9,29.6171,548
2022-07-06 20:10:37,20502.21,38.5497,719
2022-07-06 20:11:39,20517.71,11.5662,486
2022-07-06 20:12:42,20530.63,26.4507,676
2022-07-06 20:13:44,20526.33,10.6008,494
2022-07-06 20:14:46,20540.75,45.0649,789
2022-07-06 20:15:49,20542.59,17.5241,684
2022-07-06 20:16:52,20547.79,14.1762,459
2022-07-06 20:17:54,20566.37,14.1022,558
2022-07-06 20:18:56,20552.42,14.9172,491
2022-07-06 20:20:01,20534.28,48.2883,636
2022-07-06 20:21:04,20527.13,16.5082,576
2022-07-06 20:22:06,20535.33,15.6539,522
2022-07-06 20:23:08,20531.68,15.5414,591
2022-07-06 20:24:09,20525.16,31.6042,766
2022-07-06 20:25:11,20535.84,27.5223,774
2022-07-06 20:26:15,20543.46,33.4381,641
2022-07-06 20:27:17,20539.94,19.3719,592
2022-07-06 20:28:20,20536.07,24.9779,683
2022-07-06 20:29:22,20528.65,29.8758,679
2022-07-06 20:30:23,20524.04,14.0595,453
2022-07-06 20:31:25,20533.85,36.6625,709
2022-07-06 20:32:35,20532.21,36.5204,806
2022-07-06 20:33:38,20524.81,33.8865,695
2022-07-06 20:34:40,20521.98,22.4563,714
2022-07-06 20:35:43,20515.01,42.8658,776
2022-07-06 20:36:46,20522.75,53.7444,783
2022-07-06 20:37:48,20538.37,115.5441,1840
2022-07-06 20:38:50,20544.89,20.4826,515
2022-07-06 20:39:53,20548.0,95.7257,1029
2022-07-06 20:40:55,20545.22,41.353,683
2022-07-06 20:41:58,20558.82,30.209,628
2022-07-06 20:43:00,20561.45,17.2187,497
2022-07-06 20:44:03,20564.14,17.4278,438
2022-07-06 20:45:07,20561.22,98.0798,828
2022-07-06 20:46:10,20562.66,22.5332,471
2022-07-06 20:47:16,20575.47,13.3281,545
2022-07-06 20:48:18,20569.22,15.3832,453
2022-07-06 20:49:21,20556.14,39.2645,672
2022-07-06 20:50:24,20543.99,27.2705,520
2022-07-06 20:51:26,20546.32,10.9556,409
2022-07-06 20:52:28,20541.89,5.7031,345
2022-07-06 20:53:31,20535.51,11.6689,402
2022-07-06 20:54:33,20554.61,8.8547,325
2022-07-06 20:55:36,20557.91,107.3809,1372
2022-07-06 20:56:38,20557.84,264.4566,2122
2022-07-06 20:57:40,20542.51,172.7971,1591
2022-07-06 20:58:42,20536.17,25.9452,595
2022-07-06 20:59:43,20533.82,34.3624,692
2022-07-06 21:00:47,20530.66,81.9354,906
2022-07-06 21:01:50,20507.88,13.7809,464
2022-07-06 21:02:52,20509.12,15.1799,380
2022-07-06 21:03:54,20496.94,21.915,635
2022-07-06 21:04:56,20505.18,155.3211,1785
2022-07-06 21:05:58,20508.53,91.1926,1150
2022-07-06 21:07:01,20503.04,40.3497,775
2022-07-06 21:08:03,20480.5,48.8101,766
2022-07-06 21:09:05,20476.06,105.3478,1209
2022-07-06 21:10:07,20479.04,54.8832,934
2022-07-06 21:11:09,20484.85,112.6018,1255
2022-07-06 21:12:11,20484.79,52.25100000000001,967
2022-07-06 21:13:14,20476.65,16.005,504
2022-07-06 21:14:17,20489.65,24.5003,608
2022-07-06 21:15:19,20498.79,61.1249,891
2022-07-06 21:16:22,20515.34,28.2633,608
2022-07-06 21:17:33,20510.79,63.6912,745
2022-07-06 21:18:35,20496.73,41.5077,755
2022-07-06 21:19:38,20496.93,341.3590000000001,3512
2022-07-06 21:20:40,20491.94,145.5336,1788
2022-07-06 21:21:43,20493.85,48.8684,995
2022-07-06 21:22:46,20498.43,55.7619,894
2022-07-06 21:23:48,20509.06,69.7187,1253
2022-07-06 21:24:51,20512.65,61.8419,1108
2022-07-06 21:25:53,20522.64,40.8514,827
2022-07-06 21:26:55,20518.47,33.85,672
2022-07-06 21:27:57,20517.57,48.5873,838
2022-07-06 21:28:59,20520.19,40.9911,857
2022-07-06 21:30:01,20515.64,42.8828,832
2022-07-06 21:31:03,20517.58,53.605,949
2022-07-06 21:32:05,20505.73,33.655,640
2022-07-06 21:33:07,20515.59,56.5758,980
2022-07-06 21:34:09,20528.85,52.0961,985
2022-07-06 21:35:11,20523.65,49.4328,1043
2022-07-06 21:36:13,20521.62,19.4814,525
2022-07-06 21:37:14,20520.83,35.4807,773
2022-07-06 21:38:17,20519.54,35.6818,784
2022-07-06 21:39:20,20512.83,43.1045,810
2022-07-06 21:40:22,20504.47,19.8168,640
2022-07-06 21:41:23,20501.83,34.1984,678
2022-07-06 21:42:25,20489.71,18.6162,520
2022-07-06 21:43:27,20484.53,29.8312,675
2022-07-06 21:44:32,20488.4,20.761999999999997,464
2022-07-06 21:45:35,20503.27,54.0818,773
2022-07-06 21:46:37,20511.34,28.5242,662
2022-07-06 21:47:50,20509.8,26.2194,549
2022-07-06 21:48:51,20515.37,19.8333,446
2022-07-06 21:49:53,20532.03,29.9455,691
2022-07-06 21:50:56,20534.37,83.1065,1120
2022-07-06 21:51:58,20550.28,27.7757,518
2022-07-06 21:53:00,20545.87,40.7277,571
2022-07-06 21:54:02,20537.65,23.5439,508
2022-07-06 21:55:06,20518.31,11.6642,334
2022-07-06 21:56:08,20506.25,34.2846,516
2022-07-06 21:57:10,20514.84,19.3674,455
2022-07-06 21:58:13,20523.28,13.7681,427
2022-07-06 21:59:15,20516.05,38.7731,820
2022-07-06 22:00:17,20517.86,27.6109,590
2022-07-06 22:01:19,20537.22,34.1192,732
2022-07-06 22:02:21,20519.73,26.8762,660
2022-07-06 22:03:23,20491.6,14.6877,445
2022-07-06 22:04:25,20500.52,38.3046,568
2022-07-06 22:05:28,20511.99,18.4626,526
2022-07-06 22:06:30,20519.25,36.0655,608
2022-07-06 22:07:33,20491.86,19.6581,456
2022-07-06 22:08:36,20507.76,12.6681,416
2022-07-06 22:09:40,20517.69,5.0224,245
2022-07-06 22:10:42,20518.78,24.6863,519
2022-07-06 22:11:45,20519.06,8.2027,311
2022-07-06 22:12:48,20510.31,24.8657,447
2022-07-06 22:13:50,20512.22,6.2758,301
2022-07-06 22:14:52,20508.6,38.1466,740
2022-07-06 22:15:54,20511.37,27.3725,415
2022-07-06 22:16:56,20508.5,19.9164,492
2022-07-06 22:18:02,20481.74,20.5143,571
2022-07-06 22:19:04,20466.48,355.4441,2974
2022-07-06 22:20:06,20458.89,92.995,1464
2022-07-06 22:21:08,20444.67,111.682,1657
2022-07-06 22:22:10,20433.26,122.0368,1731
2022-07-06 22:23:12,20449.21,71.7167,1525
2022-07-06 22:24:14,20436.46,136.1464,1884
2022-07-06 22:25:16,20433.05,155.3371,2176
2022-07-06 22:26:18,20424.57,152.6744,1786
2022-07-06 22:27:19,20412.42,107.1117,1512
2022-07-06 22:28:22,20419.37,82.9549,1606
2022-07-06 22:29:25,20433.08,81.5171,1338
2022-07-06 22:30:28,20434.37,324.9862,3367
2022-07-06 22:31:31,20441.86,93.1331,1536
2022-07-06 22:32:33,20430.24,103.5536,1645
2022-07-06 22:33:35,20425.33,112.553,1359
2022-07-06 22:34:36,20427.01,58.4969,880
2022-07-06 22:35:39,20408.1,50.3287,829
2022-07-06 22:36:41,20412.77,68.4847,1065
2022-07-06 22:37:43,20411.07,62.6255,1052
2022-07-06 22:38:45,20413.36,38.2777,892
2022-07-06 22:39:47,20408.82,79.1808,1208
2022-07-06 22:40:50,20402.08,45.1468,691
2022-07-06 22:41:53,20406.0,24.514,717
2022-07-06 22:42:56,20403.03,53.6774,903
2022-07-06 22:43:58,20400.66,56.0419,828
2022-07-06 22:45:01,20410.68,44.1504,881
2022-07-06 22:46:03,20414.36,115.1458,1516
2022-07-06 22:47:05,20415.73,159.0909,1899
2022-07-06 22:48:07,20409.46,150.1411,1800
2022-07-06 22:49:09,20426.89,199.5596,2710
2022-07-06 22:50:11,20425.64,65.3613,1254
2022-07-06 22:51:13,20427.46,133.6697,1525
2022-07-06 22:52:17,20425.89,155.6351,2071
2022-07-06 22:53:19,20426.15,75.907,1185
2022-07-06 22:54:21,20420.35,99.3974,1367
2022-07-06 22:55:24,20421.44,81.2649,1062
2022-07-06 22:56:26,20421.18,76.164,1201
2022-07-06 22:57:27,20409.44,54.0746,1139
2022-07-06 22:58:29,20410.87,72.4945,1292
2022-07-06 22:59:32,20415.5,323.9193,4385
2022-07-06 23:00:35,20421.35,171.5389,2293
2022-07-06 23:01:37,20418.31,89.9345,1436
2022-07-06 23:02:39,20407.19,95.1048,1368
2022-07-06 23:03:41,20422.53,61.727,1082
2022-07-06 23:04:43,20413.87,91.9992,1417
2022-07-06 23:05:44,20402.09,83.4778,1233
2022-07-06 23:06:46,20410.9,63.352,1287
2022-07-06 23:07:48,20410.29,59.3368,1175
2022-07-06 23:08:52,20418.97,28.6085,897
2022-07-06 23:09:55,20414.51,29.2993,913
2022-07-06 23:10:57,20413.56,92.1606,1304
2022-07-06 23:11:59,20412.6,136.3629,2071
2022-07-06 23:13:01,20416.86,106.1992,1611
2022-07-06 23:14:03,20418.78,38.7888,849
2022-07-06 23:15:05,20429.59,34.346,743
2022-07-06 23:16:07,20421.32,31.8333,729
2022-07-06 23:17:17,20414.47,38.9799,817
2022-07-06 23:18:19,20417.4,33.4808,754
2022-07-06 23:19:21,20422.12,42.1386,817
2022-07-06 23:20:24,20425.13,47.9458,1016
2022-07-06 23:21:27,20423.29,29.3675,682
2022-07-06 23:22:29,20417.51,36.3019,820
2022-07-06 23:23:31,20412.52,25.4805,633
2022-07-06 23:24:34,20408.68,29.2437,692
2022-07-06 23:25:36,20411.02,35.6031,835
2022-07-06 23:26:38,20404.76,38.0665,787
2022-07-06 23:27:41,20405.04,32.5043,726
2022-07-06 23:28:43,20403.39,43.7761,960
2022-07-06 23:29:45,20409.06,73.2932,1519
2022-07-06 23:30:47,20423.63,136.7502,2041
2022-07-06 23:31:49,20408.58,50.2797,1067
2022-07-06 23:32:51,20412.5,66.2518,938
2022-07-06 23:33:52,20419.8,44.9814,893
2022-07-06 23:34:55,20423.55,45.0617,932
2022-07-06 23:35:57,20423.53,39.6563,829
2022-07-06 23:36:59,20423.6,47.7774,984
2022-07-06 23:38:02,20424.56,30.6198,523
2022-07-06 23:39:04,20422.12,34.1407,612
2022-07-06 23:40:06,20429.38,33.7586,548
2022-07-06 23:41:10,20430.12,36.5239,620
2022-07-06 23:42:12,20435.48,92.7485,1078
2022-07-06 23:43:14,20443.27,42.309,656
2022-07-06 23:44:16,20457.42,69.0934,732
